study	individual	group	count	intervention	time	time_unit	x_measurement_type	x_substance	x_tissue	x_method	x_label	x	x_sd	x_unit	y_measurement_type	y_tissue	y_method	y_label	y	y_mean_pm	y_sd	y_se	y_unit	comments
Kreutz2017	NA	all	1.0	api	NR	hr	concentration	apixaban	plasma	LC MS/MS	api_apixaban_plasma_vs_Anti-factor Xa activity_ug	0.256629597946961	NA	ug/l	Anti-factor Xa activity	plasma	coagulation assay	api_Anti-factor Xa activity_vs_apixaban_ug	0.0	NA	NA	NA	ug/l	NA
Kreutz2017	NA	all	1.0	api	NR	hr	concentration	apixaban	plasma	LC MS/MS	api_apixaban_plasma_vs_Anti-factor Xa activity_ug	1.79640718562874	NA	ug/l	Anti-factor Xa activity	plasma	coagulation assay	api_Anti-factor Xa activity_vs_apixaban_ug	0.0	NA	NA	NA	ug/l	NA
Kreutz2017	NA	all	1.0	api	NR	hr	concentration	apixaban	plasma	LC MS/MS	api_apixaban_plasma_vs_Anti-factor Xa activity_ug	3.59281437125748	NA	ug/l	Anti-factor Xa activity	plasma	coagulation assay	api_Anti-factor Xa activity_vs_apixaban_ug	0.0	NA	NA	NA	ug/l	NA
Kreutz2017	NA	all	1.0	api	NR	hr	concentration	apixaban	plasma	LC MS/MS	api_apixaban_plasma_vs_Anti-factor Xa activity_ug	5.38922155688623	NA	ug/l	Anti-factor Xa activity	plasma	coagulation assay	api_Anti-factor Xa activity_vs_apixaban_ug	0.0	NA	NA	NA	ug/l	NA
Kreutz2017	NA	all	1.0	api	NR	hr	concentration	apixaban	plasma	LC MS/MS	api_apixaban_plasma_vs_Anti-factor Xa activity_ug	6.41573994867408	NA	ug/l	Anti-factor Xa activity	plasma	coagulation assay	api_Anti-factor Xa activity_vs_apixaban_ug	0.0	NA	NA	NA	ug/l	NA
Kreutz2017	NA	all	1.0	api	NR	hr	concentration	apixaban	plasma	LC MS/MS	api_apixaban_plasma_vs_Anti-factor Xa activity_ug	7.6988879384089	NA	ug/l	Anti-factor Xa activity	plasma	coagulation assay	api_Anti-factor Xa activity_vs_apixaban_ug	0.490998363338804	NA	NA	NA	ug/l	NA
Kreutz2017	NA	all	1.0	api	NR	hr	concentration	apixaban	plasma	LC MS/MS	api_apixaban_plasma_vs_Anti-factor Xa activity_ug	8.72540633019675	NA	ug/l	Anti-factor Xa activity	plasma	coagulation assay	api_Anti-factor Xa activity_vs_apixaban_ug	0.490998363338804	NA	NA	NA	ug/l	NA
Kreutz2017	NA	all	1.0	api	NR	hr	concentration	apixaban	plasma	LC MS/MS	api_apixaban_plasma_vs_Anti-factor Xa activity_ug	9.7519247219846	NA	ug/l	Anti-factor Xa activity	plasma	coagulation assay	api_Anti-factor Xa activity_vs_apixaban_ug	0.490998363338804	NA	NA	NA	ug/l	NA
Kreutz2017	NA	all	1.0	api	NR	hr	concentration	apixaban	plasma	LC MS/MS	api_apixaban_plasma_vs_Anti-factor Xa activity_ug	10.7784431137725	NA	ug/l	Anti-factor Xa activity	plasma	coagulation assay	api_Anti-factor Xa activity_vs_apixaban_ug	0.490998363338804	NA	NA	NA	ug/l	NA
Kreutz2017	NA	all	1.0	api	NR	hr	concentration	apixaban	plasma	LC MS/MS	api_apixaban_plasma_vs_Anti-factor Xa activity_ug	12.0615911035073	NA	ug/l	Anti-factor Xa activity	plasma	coagulation assay	api_Anti-factor Xa activity_vs_apixaban_ug	0.490998363338804	NA	NA	NA	ug/l	NA
Kreutz2017	NA	all	1.0	api	NR	hr	concentration	apixaban	plasma	LC MS/MS	api_apixaban_plasma_vs_Anti-factor Xa activity_ug	14.8845166809239	NA	ug/l	Anti-factor Xa activity	plasma	coagulation assay	api_Anti-factor Xa activity_vs_apixaban_ug	0.490998363338804	NA	NA	NA	ug/l	NA
Kreutz2017	NA	all	1.0	api	NR	hr	concentration	apixaban	plasma	LC MS/MS	api_apixaban_plasma_vs_Anti-factor Xa activity_ug	16.1676646706587	NA	ug/l	Anti-factor Xa activity	plasma	coagulation assay	api_Anti-factor Xa activity_vs_apixaban_ug	0.490998363338804	NA	NA	NA	ug/l	NA
Kreutz2017	NA	all	1.0	api	NR	hr	concentration	apixaban	plasma	LC MS/MS	api_apixaban_plasma_vs_Anti-factor Xa activity_ug	19.7604790419162	NA	ug/l	Anti-factor Xa activity	plasma	coagulation assay	api_Anti-factor Xa activity_vs_apixaban_ug	0.981996726677551	NA	NA	NA	ug/l	NA
Kreutz2017	NA	all	1.0	api	NR	hr	concentration	apixaban	plasma	LC MS/MS	api_apixaban_plasma_vs_Anti-factor Xa activity_ug	20.786997433704	NA	ug/l	Anti-factor Xa activity	plasma	coagulation assay	api_Anti-factor Xa activity_vs_apixaban_ug	0.981996726677551	NA	NA	NA	ug/l	NA
Kreutz2017	NA	all	1.0	api	NR	hr	concentration	apixaban	plasma	LC MS/MS	api_apixaban_plasma_vs_Anti-factor Xa activity_ug	12.5748502994012	NA	ug/l	Anti-factor Xa activity	plasma	coagulation assay	api_Anti-factor Xa activity_vs_apixaban_ug	25.531914893617	NA	NA	NA	ug/l	NA
Kreutz2017	NA	all	1.0	api	NR	hr	concentration	apixaban	plasma	LC MS/MS	api_apixaban_plasma_vs_Anti-factor Xa activity_ug	14.8845166809239	NA	ug/l	Anti-factor Xa activity	plasma	coagulation assay	api_Anti-factor Xa activity_vs_apixaban_ug	25.531914893617	NA	NA	NA	ug/l	NA
Kreutz2017	NA	all	1.0	api	NR	hr	concentration	apixaban	plasma	LC MS/MS	api_apixaban_plasma_vs_Anti-factor Xa activity_ug	16.9375534644996	NA	ug/l	Anti-factor Xa activity	plasma	coagulation assay	api_Anti-factor Xa activity_vs_apixaban_ug	25.531914893617	NA	NA	NA	ug/l	NA
Kreutz2017	NA	all	1.0	api	NR	hr	concentration	apixaban	plasma	LC MS/MS	api_apixaban_plasma_vs_Anti-factor Xa activity_ug	17.1941830624465	NA	ug/l	Anti-factor Xa activity	plasma	coagulation assay	api_Anti-factor Xa activity_vs_apixaban_ug	27.4959083469722	NA	NA	NA	ug/l	NA
Kreutz2017	NA	all	1.0	api	NR	hr	concentration	apixaban	plasma	LC MS/MS	api_apixaban_plasma_vs_Anti-factor Xa activity_ug	18.4773310521814	NA	ug/l	Anti-factor Xa activity	plasma	coagulation assay	api_Anti-factor Xa activity_vs_apixaban_ug	27.0049099836334	NA	NA	NA	ug/l	NA
Kreutz2017	NA	all	1.0	api	NR	hr	concentration	apixaban	plasma	LC MS/MS	api_apixaban_plasma_vs_Anti-factor Xa activity_ug	21.043627031651	NA	ug/l	Anti-factor Xa activity	plasma	coagulation assay	api_Anti-factor Xa activity_vs_apixaban_ug	26.0229132569558	NA	NA	NA	ug/l	NA
Kreutz2017	NA	all	1.0	api	NR	hr	concentration	apixaban	plasma	LC MS/MS	api_apixaban_plasma_vs_Anti-factor Xa activity_ug	23.8665526090676	NA	ug/l	Anti-factor Xa activity	plasma	coagulation assay	api_Anti-factor Xa activity_vs_apixaban_ug	25.531914893617	NA	NA	NA	ug/l	NA
Kreutz2017	NA	all	1.0	api	NR	hr	concentration	apixaban	plasma	LC MS/MS	api_apixaban_plasma_vs_Anti-factor Xa activity_ug	21.043627031651	NA	ug/l	Anti-factor Xa activity	plasma	coagulation assay	api_Anti-factor Xa activity_vs_apixaban_ug	29.9509001636661	NA	NA	NA	ug/l	NA
Kreutz2017	NA	all	1.0	api	NR	hr	concentration	apixaban	plasma	LC MS/MS	api_apixaban_plasma_vs_Anti-factor Xa activity_ug	23.0966638152267	NA	ug/l	Anti-factor Xa activity	plasma	coagulation assay	api_Anti-factor Xa activity_vs_apixaban_ug	29.4599018003273	NA	NA	NA	ug/l	NA
Kreutz2017	NA	all	1.0	api	NR	hr	concentration	apixaban	plasma	LC MS/MS	api_apixaban_plasma_vs_Anti-factor Xa activity_ug	25.6629597946963	NA	ug/l	Anti-factor Xa activity	plasma	coagulation assay	api_Anti-factor Xa activity_vs_apixaban_ug	28.9689034369885	NA	NA	NA	ug/l	NA
Kreutz2017	NA	all	1.0	api	NR	hr	concentration	apixaban	plasma	LC MS/MS	api_apixaban_plasma_vs_Anti-factor Xa activity_ug	28.4858853721129	NA	ug/l	Anti-factor Xa activity	plasma	coagulation assay	api_Anti-factor Xa activity_vs_apixaban_ug	28.4779050736497	NA	NA	NA	ug/l	NA
Kreutz2017	NA	all	1.0	api	NR	hr	concentration	apixaban	plasma	LC MS/MS	api_apixaban_plasma_vs_Anti-factor Xa activity_ug	26.9461077844311	NA	ug/l	Anti-factor Xa activity	plasma	coagulation assay	api_Anti-factor Xa activity_vs_apixaban_ug	31.4238952536825	NA	NA	NA	ug/l	NA
Kreutz2017	NA	all	1.0	api	NR	hr	concentration	apixaban	plasma	LC MS/MS	api_apixaban_plasma_vs_Anti-factor Xa activity_ug	28.2292557741659	NA	ug/l	Anti-factor Xa activity	plasma	coagulation assay	api_Anti-factor Xa activity_vs_apixaban_ug	31.9148936170213	NA	NA	NA	ug/l	NA
Kreutz2017	NA	all	1.0	api	NR	hr	concentration	apixaban	plasma	LC MS/MS	api_apixaban_plasma_vs_Anti-factor Xa activity_ug	31.3088109495295	NA	ug/l	Anti-factor Xa activity	plasma	coagulation assay	api_Anti-factor Xa activity_vs_apixaban_ug	29.4599018003273	NA	NA	NA	ug/l	NA
Kreutz2017	NA	all	1.0	api	NR	hr	concentration	apixaban	plasma	LC MS/MS	api_apixaban_plasma_vs_Anti-factor Xa activity_ug	33.3618477331052	NA	ug/l	Anti-factor Xa activity	plasma	coagulation assay	api_Anti-factor Xa activity_vs_apixaban_ug	30.4418985270049	NA	NA	NA	ug/l	NA
Kreutz2017	NA	all	1.0	api	NR	hr	concentration	apixaban	plasma	LC MS/MS	api_apixaban_plasma_vs_Anti-factor Xa activity_ug	35.4148845166809	NA	ug/l	Anti-factor Xa activity	plasma	coagulation assay	api_Anti-factor Xa activity_vs_apixaban_ug	31.4238952536825	NA	NA	NA	ug/l	NA
Kreutz2017	NA	all	1.0	api	NR	hr	concentration	apixaban	plasma	LC MS/MS	api_apixaban_plasma_vs_Anti-factor Xa activity_ug	34.64499572284	NA	ug/l	Anti-factor Xa activity	plasma	coagulation assay	api_Anti-factor Xa activity_vs_apixaban_ug	34.860883797054	NA	NA	NA	ug/l	NA
Kreutz2017	NA	all	1.0	api	NR	hr	concentration	apixaban	plasma	LC MS/MS	api_apixaban_plasma_vs_Anti-factor Xa activity_ug	32.5919589392643	NA	ug/l	Anti-factor Xa activity	plasma	coagulation assay	api_Anti-factor Xa activity_vs_apixaban_ug	33.8788870703764	NA	NA	NA	ug/l	NA
Kreutz2017	NA	all	1.0	api	NR	hr	concentration	apixaban	plasma	LC MS/MS	api_apixaban_plasma_vs_Anti-factor Xa activity_ug	30.7955517536356	NA	ug/l	Anti-factor Xa activity	plasma	coagulation assay	api_Anti-factor Xa activity_vs_apixaban_ug	33.3878887070376	NA	NA	NA	ug/l	NA
Kreutz2017	NA	all	1.0	api	NR	hr	concentration	apixaban	plasma	LC MS/MS	api_apixaban_plasma_vs_Anti-factor Xa activity_ug	31.5654405474765	NA	ug/l	Anti-factor Xa activity	plasma	coagulation assay	api_Anti-factor Xa activity_vs_apixaban_ug	39.7708674304419	NA	NA	NA	ug/l	NA
Kreutz2017	NA	all	1.0	api	NR	hr	concentration	apixaban	plasma	LC MS/MS	api_apixaban_plasma_vs_Anti-factor Xa activity_ug	33.3618477331052	NA	ug/l	Anti-factor Xa activity	plasma	coagulation assay	api_Anti-factor Xa activity_vs_apixaban_ug	40.7528641571195	NA	NA	NA	ug/l	NA
Kreutz2017	NA	all	1.0	api	NR	hr	concentration	apixaban	plasma	LC MS/MS	api_apixaban_plasma_vs_Anti-factor Xa activity_ug	36.4414029084688	NA	ug/l	Anti-factor Xa activity	plasma	coagulation assay	api_Anti-factor Xa activity_vs_apixaban_ug	36.3338788870704	NA	NA	NA	ug/l	NA
Kreutz2017	NA	all	1.0	api	NR	hr	concentration	apixaban	plasma	LC MS/MS	api_apixaban_plasma_vs_Anti-factor Xa activity_ug	38.2378100940975	NA	ug/l	Anti-factor Xa activity	plasma	coagulation assay	api_Anti-factor Xa activity_vs_apixaban_ug	37.3158756137479	NA	NA	NA	ug/l	NA
Kreutz2017	NA	all	1.0	api	NR	hr	concentration	apixaban	plasma	LC MS/MS	api_apixaban_plasma_vs_Anti-factor Xa activity_ug	39.2643284858854	NA	ug/l	Anti-factor Xa activity	plasma	coagulation assay	api_Anti-factor Xa activity_vs_apixaban_ug	34.860883797054	NA	NA	NA	ug/l	NA
Kreutz2017	NA	all	1.0	api	NR	hr	concentration	apixaban	plasma	LC MS/MS	api_apixaban_plasma_vs_Anti-factor Xa activity_ug	38.4944396920445	NA	ug/l	Anti-factor Xa activity	plasma	coagulation assay	api_Anti-factor Xa activity_vs_apixaban_ug	30.9328968903437	NA	NA	NA	ug/l	NA
Kreutz2017	NA	all	1.0	api	NR	hr	concentration	apixaban	plasma	LC MS/MS	api_apixaban_plasma_vs_Anti-factor Xa activity_ug	40.8041060735672	NA	ug/l	Anti-factor Xa activity	plasma	coagulation assay	api_Anti-factor Xa activity_vs_apixaban_ug	38.7888707037643	NA	NA	NA	ug/l	NA
Kreutz2017	NA	all	1.0	api	NR	hr	concentration	apixaban	plasma	LC MS/MS	api_apixaban_plasma_vs_Anti-factor Xa activity_ug	43.3704020530368	NA	ug/l	Anti-factor Xa activity	plasma	coagulation assay	api_Anti-factor Xa activity_vs_apixaban_ug	35.8428805237315	NA	NA	NA	ug/l	NA
Kreutz2017	NA	all	1.0	api	NR	hr	concentration	apixaban	plasma	LC MS/MS	api_apixaban_plasma_vs_Anti-factor Xa activity_ug	44.1402908468777	NA	ug/l	Anti-factor Xa activity	plasma	coagulation assay	api_Anti-factor Xa activity_vs_apixaban_ug	42.2258592471359	NA	NA	NA	ug/l	NA
Kreutz2017	NA	all	1.0	api	NR	hr	concentration	apixaban	plasma	LC MS/MS	api_apixaban_plasma_vs_Anti-factor Xa activity_ug	47.2198460222412	NA	ug/l	Anti-factor Xa activity	plasma	coagulation assay	api_Anti-factor Xa activity_vs_apixaban_ug	37.3158756137479	NA	NA	NA	ug/l	NA
Kreutz2017	NA	all	1.0	api	NR	hr	concentration	apixaban	plasma	LC MS/MS	api_apixaban_plasma_vs_Anti-factor Xa activity_ug	47.2198460222412	NA	ug/l	Anti-factor Xa activity	plasma	coagulation assay	api_Anti-factor Xa activity_vs_apixaban_ug	45.6628477905073	NA	NA	NA	ug/l	NA
Kreutz2017	NA	all	1.0	api	NR	hr	concentration	apixaban	plasma	LC MS/MS	api_apixaban_plasma_vs_Anti-factor Xa activity_ug	48.502994011976	NA	ug/l	Anti-factor Xa activity	plasma	coagulation assay	api_Anti-factor Xa activity_vs_apixaban_ug	41.734860883797	NA	NA	NA	ug/l	NA
Kreutz2017	NA	all	1.0	api	NR	hr	concentration	apixaban	plasma	LC MS/MS	api_apixaban_plasma_vs_Anti-factor Xa activity_ug	51.3259195893926	NA	ug/l	Anti-factor Xa activity	plasma	coagulation assay	api_Anti-factor Xa activity_vs_apixaban_ug	42.7168576104746	NA	NA	NA	ug/l	NA
Kreutz2017	NA	all	1.0	api	NR	hr	concentration	apixaban	plasma	LC MS/MS	api_apixaban_plasma_vs_Anti-factor Xa activity_ug	45.4234388366125	NA	ug/l	Anti-factor Xa activity	plasma	coagulation assay	api_Anti-factor Xa activity_vs_apixaban_ug	38.7888707037643	NA	NA	NA	ug/l	NA
Kreutz2017	NA	all	1.0	api	NR	hr	concentration	apixaban	plasma	LC MS/MS	api_apixaban_plasma_vs_Anti-factor Xa activity_ug	52.3524379811805	NA	ug/l	Anti-factor Xa activity	plasma	coagulation assay	api_Anti-factor Xa activity_vs_apixaban_ug	32.8968903436988	NA	NA	NA	ug/l	NA
Kreutz2017	NA	all	1.0	api	NR	hr	concentration	apixaban	plasma	LC MS/MS	api_apixaban_plasma_vs_Anti-factor Xa activity_ug	49.5295124037639	NA	ug/l	Anti-factor Xa activity	plasma	coagulation assay	api_Anti-factor Xa activity_vs_apixaban_ug	44.6808510638298	NA	NA	NA	ug/l	NA
Kreutz2017	NA	all	1.0	api	NR	hr	concentration	apixaban	plasma	LC MS/MS	api_apixaban_plasma_vs_Anti-factor Xa activity_ug	46.7065868263473	NA	ug/l	Anti-factor Xa activity	plasma	coagulation assay	api_Anti-factor Xa activity_vs_apixaban_ug	41.734860883797	NA	NA	NA	ug/l	NA
Kreutz2017	NA	all	1.0	api	NR	hr	concentration	apixaban	plasma	LC MS/MS	api_apixaban_plasma_vs_Anti-factor Xa activity_ug	53.3789563729684	NA	ug/l	Anti-factor Xa activity	plasma	coagulation assay	api_Anti-factor Xa activity_vs_apixaban_ug	48.1178396072013	NA	NA	NA	ug/l	NA
Kreutz2017	NA	all	1.0	api	NR	hr	concentration	apixaban	plasma	LC MS/MS	api_apixaban_plasma_vs_Anti-factor Xa activity_ug	55.431993156544	NA	ug/l	Anti-factor Xa activity	plasma	coagulation assay	api_Anti-factor Xa activity_vs_apixaban_ug	47.6268412438625	NA	NA	NA	ug/l	NA
Kreutz2017	NA	all	1.0	api	NR	hr	concentration	apixaban	plasma	LC MS/MS	api_apixaban_plasma_vs_Anti-factor Xa activity_ug	54.9187339606501	NA	ug/l	Anti-factor Xa activity	plasma	coagulation assay	api_Anti-factor Xa activity_vs_apixaban_ug	43.2078559738134	NA	NA	NA	ug/l	NA
Kreutz2017	NA	all	1.0	api	NR	hr	concentration	apixaban	plasma	LC MS/MS	api_apixaban_plasma_vs_Anti-factor Xa activity_ug	58.2549187339606	NA	ug/l	Anti-factor Xa activity	plasma	coagulation assay	api_Anti-factor Xa activity_vs_apixaban_ug	52.5368248772504	NA	NA	NA	ug/l	NA
Kreutz2017	NA	all	1.0	api	NR	hr	concentration	apixaban	plasma	LC MS/MS	api_apixaban_plasma_vs_Anti-factor Xa activity_ug	57.4850299401198	NA	ug/l	Anti-factor Xa activity	plasma	coagulation assay	api_Anti-factor Xa activity_vs_apixaban_ug	50.5728314238953	NA	NA	NA	ug/l	NA
Kreutz2017	NA	all	1.0	api	NR	hr	concentration	apixaban	plasma	LC MS/MS	api_apixaban_plasma_vs_Anti-factor Xa activity_ug	58.2549187339606	NA	ug/l	Anti-factor Xa activity	plasma	coagulation assay	api_Anti-factor Xa activity_vs_apixaban_ug	47.1358428805237	NA	NA	NA	ug/l	NA
Kreutz2017	NA	all	1.0	api	NR	hr	concentration	apixaban	plasma	LC MS/MS	api_apixaban_plasma_vs_Anti-factor Xa activity_ug	60.0513259195894	NA	ug/l	Anti-factor Xa activity	plasma	coagulation assay	api_Anti-factor Xa activity_vs_apixaban_ug	45.1718494271686	NA	NA	NA	ug/l	NA
Kreutz2017	NA	all	1.0	api	NR	hr	concentration	apixaban	plasma	LC MS/MS	api_apixaban_plasma_vs_Anti-factor Xa activity_ug	61.3344739093242	NA	ug/l	Anti-factor Xa activity	plasma	coagulation assay	api_Anti-factor Xa activity_vs_apixaban_ug	46.6448445171849	NA	NA	NA	ug/l	NA
Kreutz2017	NA	all	1.0	api	NR	hr	concentration	apixaban	plasma	LC MS/MS	api_apixaban_plasma_vs_Anti-factor Xa activity_ug	61.0778443113772	NA	ug/l	Anti-factor Xa activity	plasma	coagulation assay	api_Anti-factor Xa activity_vs_apixaban_ug	51.5548281505728	NA	NA	NA	ug/l	NA
Kreutz2017	NA	all	1.0	api	NR	hr	concentration	apixaban	plasma	LC MS/MS	api_apixaban_plasma_vs_Anti-factor Xa activity_ug	60.0513259195894	NA	ug/l	Anti-factor Xa activity	plasma	coagulation assay	api_Anti-factor Xa activity_vs_apixaban_ug	49.5908346972177	NA	NA	NA	ug/l	NA
Kreutz2017	NA	all	1.0	api	NR	hr	concentration	apixaban	plasma	LC MS/MS	api_apixaban_plasma_vs_Anti-factor Xa activity_ug	64.6706586826347	NA	ug/l	Anti-factor Xa activity	plasma	coagulation assay	api_Anti-factor Xa activity_vs_apixaban_ug	49.5908346972177	NA	NA	NA	ug/l	NA
Kreutz2017	NA	all	1.0	api	NR	hr	concentration	apixaban	plasma	LC MS/MS	api_apixaban_plasma_vs_Anti-factor Xa activity_ug	63.3875106928999	NA	ug/l	Anti-factor Xa activity	plasma	coagulation assay	api_Anti-factor Xa activity_vs_apixaban_ug	45.6628477905073	NA	NA	NA	ug/l	NA
Kreutz2017	NA	all	1.0	api	NR	hr	concentration	apixaban	plasma	LC MS/MS	api_apixaban_plasma_vs_Anti-factor Xa activity_ug	66.4670658682635	NA	ug/l	Anti-factor Xa activity	plasma	coagulation assay	api_Anti-factor Xa activity_vs_apixaban_ug	52.0458265139116	NA	NA	NA	ug/l	NA
Kreutz2017	NA	all	1.0	api	NR	hr	concentration	apixaban	plasma	LC MS/MS	api_apixaban_plasma_vs_Anti-factor Xa activity_ug	64.4140290846878	NA	ug/l	Anti-factor Xa activity	plasma	coagulation assay	api_Anti-factor Xa activity_vs_apixaban_ug	54.9918166939444	NA	NA	NA	ug/l	NA
Kreutz2017	NA	all	1.0	api	NR	hr	concentration	apixaban	plasma	LC MS/MS	api_apixaban_plasma_vs_Anti-factor Xa activity_ug	66.9803250641574	NA	ug/l	Anti-factor Xa activity	plasma	coagulation assay	api_Anti-factor Xa activity_vs_apixaban_ug	55.9738134206219	NA	NA	NA	ug/l	NA
Kreutz2017	NA	all	1.0	api	NR	hr	concentration	apixaban	plasma	LC MS/MS	api_apixaban_plasma_vs_Anti-factor Xa activity_ug	68.5201026518392	NA	ug/l	Anti-factor Xa activity	plasma	coagulation assay	api_Anti-factor Xa activity_vs_apixaban_ug	53.518821603928	NA	NA	NA	ug/l	NA
Kreutz2017	NA	all	1.0	api	NR	hr	concentration	apixaban	plasma	LC MS/MS	api_apixaban_plasma_vs_Anti-factor Xa activity_ug	70.8297690333618	NA	ug/l	Anti-factor Xa activity	plasma	coagulation assay	api_Anti-factor Xa activity_vs_apixaban_ug	49.5908346972177	NA	NA	NA	ug/l	NA
Kreutz2017	NA	all	1.0	api	NR	hr	concentration	apixaban	plasma	LC MS/MS	api_apixaban_plasma_vs_Anti-factor Xa activity_ug	72.3695466210436	NA	ug/l	Anti-factor Xa activity	plasma	coagulation assay	api_Anti-factor Xa activity_vs_apixaban_ug	49.0998363338789	NA	NA	NA	ug/l	NA
Kreutz2017	NA	all	1.0	api	NR	hr	concentration	apixaban	plasma	LC MS/MS	api_apixaban_plasma_vs_Anti-factor Xa activity_ug	72.1129170230967	NA	ug/l	Anti-factor Xa activity	plasma	coagulation assay	api_Anti-factor Xa activity_vs_apixaban_ug	52.5368248772504	NA	NA	NA	ug/l	NA
Kreutz2017	NA	all	1.0	api	NR	hr	concentration	apixaban	plasma	LC MS/MS	api_apixaban_plasma_vs_Anti-factor Xa activity_ug	73.9093242087254	NA	ug/l	Anti-factor Xa activity	plasma	coagulation assay	api_Anti-factor Xa activity_vs_apixaban_ug	54.9918166939444	NA	NA	NA	ug/l	NA
Kreutz2017	NA	all	1.0	api	NR	hr	concentration	apixaban	plasma	LC MS/MS	api_apixaban_plasma_vs_Anti-factor Xa activity_ug	72.6261762189906	NA	ug/l	Anti-factor Xa activity	plasma	coagulation assay	api_Anti-factor Xa activity_vs_apixaban_ug	57.4468085106383	NA	NA	NA	ug/l	NA
Kreutz2017	NA	all	1.0	api	NR	hr	concentration	apixaban	plasma	LC MS/MS	api_apixaban_plasma_vs_Anti-factor Xa activity_ug	70.5731394354149	NA	ug/l	Anti-factor Xa activity	plasma	coagulation assay	api_Anti-factor Xa activity_vs_apixaban_ug	60.392798690671	NA	NA	NA	ug/l	NA
Kreutz2017	NA	all	1.0	api	NR	hr	concentration	apixaban	plasma	LC MS/MS	api_apixaban_plasma_vs_Anti-factor Xa activity_ug	71.8562874251497	NA	ug/l	Anti-factor Xa activity	plasma	coagulation assay	api_Anti-factor Xa activity_vs_apixaban_ug	61.3747954173486	NA	NA	NA	ug/l	NA
Kreutz2017	NA	all	1.0	api	NR	hr	concentration	apixaban	plasma	LC MS/MS	api_apixaban_plasma_vs_Anti-factor Xa activity_ug	73.1394354148845	NA	ug/l	Anti-factor Xa activity	plasma	coagulation assay	api_Anti-factor Xa activity_vs_apixaban_ug	63.3387888707038	NA	NA	NA	ug/l	NA
Kreutz2017	NA	all	1.0	api	NR	hr	concentration	apixaban	plasma	LC MS/MS	api_apixaban_plasma_vs_Anti-factor Xa activity_ug	75.9623609923011	NA	ug/l	Anti-factor Xa activity	plasma	coagulation assay	api_Anti-factor Xa activity_vs_apixaban_ug	62.3567921440262	NA	NA	NA	ug/l	NA
Kreutz2017	NA	all	1.0	api	NR	hr	concentration	apixaban	plasma	LC MS/MS	api_apixaban_plasma_vs_Anti-factor Xa activity_ug	79.2985457656116	NA	ug/l	Anti-factor Xa activity	plasma	coagulation assay	api_Anti-factor Xa activity_vs_apixaban_ug	62.3567921440262	NA	NA	NA	ug/l	NA
Kreutz2017	NA	all	1.0	api	NR	hr	concentration	apixaban	plasma	LC MS/MS	api_apixaban_plasma_vs_Anti-factor Xa activity_ug	77.5021385799829	NA	ug/l	Anti-factor Xa activity	plasma	coagulation assay	api_Anti-factor Xa activity_vs_apixaban_ug	57.9378068739771	NA	NA	NA	ug/l	NA
Kreutz2017	NA	all	1.0	api	NR	hr	concentration	apixaban	plasma	LC MS/MS	api_apixaban_plasma_vs_Anti-factor Xa activity_ug	79.2985457656116	NA	ug/l	Anti-factor Xa activity	plasma	coagulation assay	api_Anti-factor Xa activity_vs_apixaban_ug	57.9378068739771	NA	NA	NA	ug/l	NA
Kreutz2017	NA	all	1.0	api	NR	hr	concentration	apixaban	plasma	LC MS/MS	api_apixaban_plasma_vs_Anti-factor Xa activity_ug	76.732249786142	NA	ug/l	Anti-factor Xa activity	plasma	coagulation assay	api_Anti-factor Xa activity_vs_apixaban_ug	54.0098199672668	NA	NA	NA	ug/l	NA
Kreutz2017	NA	all	1.0	api	NR	hr	concentration	apixaban	plasma	LC MS/MS	api_apixaban_plasma_vs_Anti-factor Xa activity_ug	81.3515825491874	NA	ug/l	Anti-factor Xa activity	plasma	coagulation assay	api_Anti-factor Xa activity_vs_apixaban_ug	58.4288052373159	NA	NA	NA	ug/l	NA
Kreutz2017	NA	all	1.0	api	NR	hr	concentration	apixaban	plasma	LC MS/MS	api_apixaban_plasma_vs_Anti-factor Xa activity_ug	81.3515825491874	NA	ug/l	Anti-factor Xa activity	plasma	coagulation assay	api_Anti-factor Xa activity_vs_apixaban_ug	61.8657937806874	NA	NA	NA	ug/l	NA
Kreutz2017	NA	all	1.0	api	NR	hr	concentration	apixaban	plasma	LC MS/MS	api_apixaban_plasma_vs_Anti-factor Xa activity_ug	84.6877673224979	NA	ug/l	Anti-factor Xa activity	plasma	coagulation assay	api_Anti-factor Xa activity_vs_apixaban_ug	59.9018003273322	NA	NA	NA	ug/l	NA
Kreutz2017	NA	all	1.0	api	NR	hr	concentration	apixaban	plasma	LC MS/MS	api_apixaban_plasma_vs_Anti-factor Xa activity_ug	86.9974337040205	NA	ug/l	Anti-factor Xa activity	plasma	coagulation assay	api_Anti-factor Xa activity_vs_apixaban_ug	53.518821603928	NA	NA	NA	ug/l	NA
Kreutz2017	NA	all	1.0	api	NR	hr	concentration	apixaban	plasma	LC MS/MS	api_apixaban_plasma_vs_Anti-factor Xa activity_ug	82.1214713430282	NA	ug/l	Anti-factor Xa activity	plasma	coagulation assay	api_Anti-factor Xa activity_vs_apixaban_ug	65.7937806873977	NA	NA	NA	ug/l	NA
Kreutz2017	NA	all	1.0	api	NR	hr	concentration	apixaban	plasma	LC MS/MS	api_apixaban_plasma_vs_Anti-factor Xa activity_ug	81.8648417450813	NA	ug/l	Anti-factor Xa activity	plasma	coagulation assay	api_Anti-factor Xa activity_vs_apixaban_ug	69.721767594108	NA	NA	NA	ug/l	NA
Kreutz2017	NA	all	1.0	api	NR	hr	concentration	apixaban	plasma	LC MS/MS	api_apixaban_plasma_vs_Anti-factor Xa activity_ug	84.4311377245509	NA	ug/l	Anti-factor Xa activity	plasma	coagulation assay	api_Anti-factor Xa activity_vs_apixaban_ug	63.8297872340426	NA	NA	NA	ug/l	NA
Kreutz2017	NA	all	1.0	api	NR	hr	concentration	apixaban	plasma	LC MS/MS	api_apixaban_plasma_vs_Anti-factor Xa activity_ug	85.4576561163387	NA	ug/l	Anti-factor Xa activity	plasma	coagulation assay	api_Anti-factor Xa activity_vs_apixaban_ug	66.7757774140753	NA	NA	NA	ug/l	NA
Kreutz2017	NA	all	1.0	api	NR	hr	concentration	apixaban	plasma	LC MS/MS	api_apixaban_plasma_vs_Anti-factor Xa activity_ug	84.6877673224979	NA	ug/l	Anti-factor Xa activity	plasma	coagulation assay	api_Anti-factor Xa activity_vs_apixaban_ug	71.1947626841244	NA	NA	NA	ug/l	NA
Kreutz2017	NA	all	1.0	api	NR	hr	concentration	apixaban	plasma	LC MS/MS	api_apixaban_plasma_vs_Anti-factor Xa activity_ug	88.0239520958084	NA	ug/l	Anti-factor Xa activity	plasma	coagulation assay	api_Anti-factor Xa activity_vs_apixaban_ug	72.1767594108019	NA	NA	NA	ug/l	NA
Kreutz2017	NA	all	1.0	api	NR	hr	concentration	apixaban	plasma	LC MS/MS	api_apixaban_plasma_vs_Anti-factor Xa activity_ug	92.1300256629598	NA	ug/l	Anti-factor Xa activity	plasma	coagulation assay	api_Anti-factor Xa activity_vs_apixaban_ug	75.1227495908347	NA	NA	NA	ug/l	NA
Kreutz2017	NA	all	1.0	api	NR	hr	concentration	apixaban	plasma	LC MS/MS	api_apixaban_plasma_vs_Anti-factor Xa activity_ug	91.103507271172	NA	ug/l	Anti-factor Xa activity	plasma	coagulation assay	api_Anti-factor Xa activity_vs_apixaban_ug	72.6677577741407	NA	NA	NA	ug/l	NA
Kreutz2017	NA	all	1.0	api	NR	hr	concentration	apixaban	plasma	LC MS/MS	api_apixaban_plasma_vs_Anti-factor Xa activity_ug	88.2805816937553	NA	ug/l	Anti-factor Xa activity	plasma	coagulation assay	api_Anti-factor Xa activity_vs_apixaban_ug	65.3027823240589	NA	NA	NA	ug/l	NA
Kreutz2017	NA	all	1.0	api	NR	hr	concentration	apixaban	plasma	LC MS/MS	api_apixaban_plasma_vs_Anti-factor Xa activity_ug	88.7938408896493	NA	ug/l	Anti-factor Xa activity	plasma	coagulation assay	api_Anti-factor Xa activity_vs_apixaban_ug	62.3567921440262	NA	NA	NA	ug/l	NA
Kreutz2017	NA	all	1.0	api	NR	hr	concentration	apixaban	plasma	LC MS/MS	api_apixaban_plasma_vs_Anti-factor Xa activity_ug	90.590248075278	NA	ug/l	Anti-factor Xa activity	plasma	coagulation assay	api_Anti-factor Xa activity_vs_apixaban_ug	62.3567921440262	NA	NA	NA	ug/l	NA
Kreutz2017	NA	all	1.0	api	NR	hr	concentration	apixaban	plasma	LC MS/MS	api_apixaban_plasma_vs_Anti-factor Xa activity_ug	93.6698032506416	NA	ug/l	Anti-factor Xa activity	plasma	coagulation assay	api_Anti-factor Xa activity_vs_apixaban_ug	64.8117839607201	NA	NA	NA	ug/l	NA
Kreutz2017	NA	all	1.0	api	NR	hr	concentration	apixaban	plasma	LC MS/MS	api_apixaban_plasma_vs_Anti-factor Xa activity_ug	94.1830624465355	NA	ug/l	Anti-factor Xa activity	plasma	coagulation assay	api_Anti-factor Xa activity_vs_apixaban_ug	67.7577741407529	NA	NA	NA	ug/l	NA
Kreutz2017	NA	all	1.0	api	NR	hr	concentration	apixaban	plasma	LC MS/MS	api_apixaban_plasma_vs_Anti-factor Xa activity_ug	93.9264328485885	NA	ug/l	Anti-factor Xa activity	plasma	coagulation assay	api_Anti-factor Xa activity_vs_apixaban_ug	71.6857610474632	NA	NA	NA	ug/l	NA
Kreutz2017	NA	all	1.0	api	NR	hr	concentration	apixaban	plasma	LC MS/MS	api_apixaban_plasma_vs_Anti-factor Xa activity_ug	91.103507271172	NA	ug/l	Anti-factor Xa activity	plasma	coagulation assay	api_Anti-factor Xa activity_vs_apixaban_ug	67.7577741407529	NA	NA	NA	ug/l	NA
Kreutz2017	NA	all	1.0	api	NR	hr	concentration	apixaban	plasma	LC MS/MS	api_apixaban_plasma_vs_Anti-factor Xa activity_ug	96.7493584260051	NA	ug/l	Anti-factor Xa activity	plasma	coagulation assay	api_Anti-factor Xa activity_vs_apixaban_ug	72.1767594108019	NA	NA	NA	ug/l	NA
Kreutz2017	NA	all	1.0	api	NR	hr	concentration	apixaban	plasma	LC MS/MS	api_apixaban_plasma_vs_Anti-factor Xa activity_ug	97.775876817793	NA	ug/l	Anti-factor Xa activity	plasma	coagulation assay	api_Anti-factor Xa activity_vs_apixaban_ug	64.3207855973813	NA	NA	NA	ug/l	NA
Kreutz2017	NA	all	1.0	api	NR	hr	concentration	apixaban	plasma	LC MS/MS	api_apixaban_plasma_vs_Anti-factor Xa activity_ug	100.59880239521	NA	ug/l	Anti-factor Xa activity	plasma	coagulation assay	api_Anti-factor Xa activity_vs_apixaban_ug	65.3027823240589	NA	NA	NA	ug/l	NA
Kreutz2017	NA	all	1.0	api	NR	hr	concentration	apixaban	plasma	LC MS/MS	api_apixaban_plasma_vs_Anti-factor Xa activity_ug	103.421727972626	NA	ug/l	Anti-factor Xa activity	plasma	coagulation assay	api_Anti-factor Xa activity_vs_apixaban_ug	66.7757774140753	NA	NA	NA	ug/l	NA
Kreutz2017	NA	all	1.0	api	NR	hr	concentration	apixaban	plasma	LC MS/MS	api_apixaban_plasma_vs_Anti-factor Xa activity_ug	102.908468776732	NA	ug/l	Anti-factor Xa activity	plasma	coagulation assay	api_Anti-factor Xa activity_vs_apixaban_ug	71.1947626841244	NA	NA	NA	ug/l	NA
Kreutz2017	NA	all	1.0	api	NR	hr	concentration	apixaban	plasma	LC MS/MS	api_apixaban_plasma_vs_Anti-factor Xa activity_ug	103.678357570573	NA	ug/l	Anti-factor Xa activity	plasma	coagulation assay	api_Anti-factor Xa activity_vs_apixaban_ug	75.1227495908347	NA	NA	NA	ug/l	NA
Kreutz2017	NA	all	1.0	api	NR	hr	concentration	apixaban	plasma	LC MS/MS	api_apixaban_plasma_vs_Anti-factor Xa activity_ug	101.112061591104	NA	ug/l	Anti-factor Xa activity	plasma	coagulation assay	api_Anti-factor Xa activity_vs_apixaban_ug	78.5597381342062	NA	NA	NA	ug/l	NA
Kreutz2017	NA	all	1.0	api	NR	hr	concentration	apixaban	plasma	LC MS/MS	api_apixaban_plasma_vs_Anti-factor Xa activity_ug	99.0590248075278	NA	ug/l	Anti-factor Xa activity	plasma	coagulation assay	api_Anti-factor Xa activity_vs_apixaban_ug	75.1227495908347	NA	NA	NA	ug/l	NA
Kreutz2017	NA	all	1.0	api	NR	hr	concentration	apixaban	plasma	LC MS/MS	api_apixaban_plasma_vs_Anti-factor Xa activity_ug	100.085543199316	NA	ug/l	Anti-factor Xa activity	plasma	coagulation assay	api_Anti-factor Xa activity_vs_apixaban_ug	70.7037643207856	NA	NA	NA	ug/l	NA
Kreutz2017	NA	all	1.0	api	NR	hr	concentration	apixaban	plasma	LC MS/MS	api_apixaban_plasma_vs_Anti-factor Xa activity_ug	98.5457656116339	NA	ug/l	Anti-factor Xa activity	plasma	coagulation assay	api_Anti-factor Xa activity_vs_apixaban_ug	68.7397708674304	NA	NA	NA	ug/l	NA
Kreutz2017	NA	all	1.0	api	NR	hr	concentration	apixaban	plasma	LC MS/MS	api_apixaban_plasma_vs_Anti-factor Xa activity_ug	103.93498716852	NA	ug/l	Anti-factor Xa activity	plasma	coagulation assay	api_Anti-factor Xa activity_vs_apixaban_ug	84.4517184942717	NA	NA	NA	ug/l	NA
Kreutz2017	NA	all	1.0	api	NR	hr	concentration	apixaban	plasma	LC MS/MS	api_apixaban_plasma_vs_Anti-factor Xa activity_ug	105.988023952096	NA	ug/l	Anti-factor Xa activity	plasma	coagulation assay	api_Anti-factor Xa activity_vs_apixaban_ug	81.9967266775777	NA	NA	NA	ug/l	NA
Kreutz2017	NA	all	1.0	api	NR	hr	concentration	apixaban	plasma	LC MS/MS	api_apixaban_plasma_vs_Anti-factor Xa activity_ug	103.93498716852	NA	ug/l	Anti-factor Xa activity	plasma	coagulation assay	api_Anti-factor Xa activity_vs_apixaban_ug	79.5417348608838	NA	NA	NA	ug/l	NA
Kreutz2017	NA	all	1.0	api	NR	hr	concentration	apixaban	plasma	LC MS/MS	api_apixaban_plasma_vs_Anti-factor Xa activity_ug	107.784431137725	NA	ug/l	Anti-factor Xa activity	plasma	coagulation assay	api_Anti-factor Xa activity_vs_apixaban_ug	78.5597381342062	NA	NA	NA	ug/l	NA
Kreutz2017	NA	all	1.0	api	NR	hr	concentration	apixaban	plasma	LC MS/MS	api_apixaban_plasma_vs_Anti-factor Xa activity_ug	106.50128314799	NA	ug/l	Anti-factor Xa activity	plasma	coagulation assay	api_Anti-factor Xa activity_vs_apixaban_ug	75.6137479541735	NA	NA	NA	ug/l	NA
Kreutz2017	NA	all	1.0	api	NR	hr	concentration	apixaban	plasma	LC MS/MS	api_apixaban_plasma_vs_Anti-factor Xa activity_ug	108.297690333618	NA	ug/l	Anti-factor Xa activity	plasma	coagulation assay	api_Anti-factor Xa activity_vs_apixaban_ug	74.6317512274959	NA	NA	NA	ug/l	NA
Kreutz2017	NA	all	1.0	api	NR	hr	concentration	apixaban	plasma	LC MS/MS	api_apixaban_plasma_vs_Anti-factor Xa activity_ug	110.350727117194	NA	ug/l	Anti-factor Xa activity	plasma	coagulation assay	api_Anti-factor Xa activity_vs_apixaban_ug	69.721767594108	NA	NA	NA	ug/l	NA
Kreutz2017	NA	all	1.0	api	NR	hr	concentration	apixaban	plasma	LC MS/MS	api_apixaban_plasma_vs_Anti-factor Xa activity_ug	111.377245508982	NA	ug/l	Anti-factor Xa activity	plasma	coagulation assay	api_Anti-factor Xa activity_vs_apixaban_ug	79.050736497545	NA	NA	NA	ug/l	NA
Kreutz2017	NA	all	1.0	api	NR	hr	concentration	apixaban	plasma	LC MS/MS	api_apixaban_plasma_vs_Anti-factor Xa activity_ug	112.40376390077	NA	ug/l	Anti-factor Xa activity	plasma	coagulation assay	api_Anti-factor Xa activity_vs_apixaban_ug	77.0867430441898	NA	NA	NA	ug/l	NA
Kreutz2017	NA	all	1.0	api	NR	hr	concentration	apixaban	plasma	LC MS/MS	api_apixaban_plasma_vs_Anti-factor Xa activity_ug	114.713430282293	NA	ug/l	Anti-factor Xa activity	plasma	coagulation assay	api_Anti-factor Xa activity_vs_apixaban_ug	76.1047463175123	NA	NA	NA	ug/l	NA
Kreutz2017	NA	all	1.0	api	NR	hr	concentration	apixaban	plasma	LC MS/MS	api_apixaban_plasma_vs_Anti-factor Xa activity_ug	116.509837467921	NA	ug/l	Anti-factor Xa activity	plasma	coagulation assay	api_Anti-factor Xa activity_vs_apixaban_ug	78.5597381342062	NA	NA	NA	ug/l	NA
Kreutz2017	NA	all	1.0	api	NR	hr	concentration	apixaban	plasma	LC MS/MS	api_apixaban_plasma_vs_Anti-factor Xa activity_ug	114.713430282293	NA	ug/l	Anti-factor Xa activity	plasma	coagulation assay	api_Anti-factor Xa activity_vs_apixaban_ug	79.5417348608838	NA	NA	NA	ug/l	NA
Kreutz2017	NA	all	1.0	api	NR	hr	concentration	apixaban	plasma	LC MS/MS	api_apixaban_plasma_vs_Anti-factor Xa activity_ug	112.660393498717	NA	ug/l	Anti-factor Xa activity	plasma	coagulation assay	api_Anti-factor Xa activity_vs_apixaban_ug	82.4877250409165	NA	NA	NA	ug/l	NA
Kreutz2017	NA	all	1.0	api	NR	hr	concentration	apixaban	plasma	LC MS/MS	api_apixaban_plasma_vs_Anti-factor Xa activity_ug	108.810949529512	NA	ug/l	Anti-factor Xa activity	plasma	coagulation assay	api_Anti-factor Xa activity_vs_apixaban_ug	85.4337152209492	NA	NA	NA	ug/l	NA
Kreutz2017	NA	all	1.0	api	NR	hr	concentration	apixaban	plasma	LC MS/MS	api_apixaban_plasma_vs_Anti-factor Xa activity_ug	109.580838323353	NA	ug/l	Anti-factor Xa activity	plasma	coagulation assay	api_Anti-factor Xa activity_vs_apixaban_ug	85.9247135842881	NA	NA	NA	ug/l	NA
Kreutz2017	NA	all	1.0	api	NR	hr	concentration	apixaban	plasma	LC MS/MS	api_apixaban_plasma_vs_Anti-factor Xa activity_ug	113.943541488452	NA	ug/l	Anti-factor Xa activity	plasma	coagulation assay	api_Anti-factor Xa activity_vs_apixaban_ug	86.9067103109656	NA	NA	NA	ug/l	NA
Kreutz2017	NA	all	1.0	api	NR	hr	concentration	apixaban	plasma	LC MS/MS	api_apixaban_plasma_vs_Anti-factor Xa activity_ug	113.686911890505	NA	ug/l	Anti-factor Xa activity	plasma	coagulation assay	api_Anti-factor Xa activity_vs_apixaban_ug	90.8346972176759	NA	NA	NA	ug/l	NA
Kreutz2017	NA	all	1.0	api	NR	hr	concentration	apixaban	plasma	LC MS/MS	api_apixaban_plasma_vs_Anti-factor Xa activity_ug	115.996578272027	NA	ug/l	Anti-factor Xa activity	plasma	coagulation assay	api_Anti-factor Xa activity_vs_apixaban_ug	88.8707037643208	NA	NA	NA	ug/l	NA
Kreutz2017	NA	all	1.0	api	NR	hr	concentration	apixaban	plasma	LC MS/MS	api_apixaban_plasma_vs_Anti-factor Xa activity_ug	118.819503849444	NA	ug/l	Anti-factor Xa activity	plasma	coagulation assay	api_Anti-factor Xa activity_vs_apixaban_ug	89.3617021276596	NA	NA	NA	ug/l	NA
Kreutz2017	NA	all	1.0	api	NR	hr	concentration	apixaban	plasma	LC MS/MS	api_apixaban_plasma_vs_Anti-factor Xa activity_ug	120.102651839179	NA	ug/l	Anti-factor Xa activity	plasma	coagulation assay	api_Anti-factor Xa activity_vs_apixaban_ug	92.7986906710311	NA	NA	NA	ug/l	NA
Kreutz2017	NA	all	1.0	api	NR	hr	concentration	apixaban	plasma	LC MS/MS	api_apixaban_plasma_vs_Anti-factor Xa activity_ug	118.562874251497	NA	ug/l	Anti-factor Xa activity	plasma	coagulation assay	api_Anti-factor Xa activity_vs_apixaban_ug	94.7626841243863	NA	NA	NA	ug/l	NA
Kreutz2017	NA	all	1.0	api	NR	hr	concentration	apixaban	plasma	LC MS/MS	api_apixaban_plasma_vs_Anti-factor Xa activity_ug	120.102651839179	NA	ug/l	Anti-factor Xa activity	plasma	coagulation assay	api_Anti-factor Xa activity_vs_apixaban_ug	81.0147299509002	NA	NA	NA	ug/l	NA
Kreutz2017	NA	all	1.0	api	NR	hr	concentration	apixaban	plasma	LC MS/MS	api_apixaban_plasma_vs_Anti-factor Xa activity_ug	117.792985457656	NA	ug/l	Anti-factor Xa activity	plasma	coagulation assay	api_Anti-factor Xa activity_vs_apixaban_ug	81.9967266775777	NA	NA	NA	ug/l	NA
Kreutz2017	NA	all	1.0	api	NR	hr	concentration	apixaban	plasma	LC MS/MS	api_apixaban_plasma_vs_Anti-factor Xa activity_ug	117.023096663815	NA	ug/l	Anti-factor Xa activity	plasma	coagulation assay	api_Anti-factor Xa activity_vs_apixaban_ug	85.4337152209492	NA	NA	NA	ug/l	NA
Kreutz2017	NA	all	1.0	api	NR	hr	concentration	apixaban	plasma	LC MS/MS	api_apixaban_plasma_vs_Anti-factor Xa activity_ug	120.102651839179	NA	ug/l	Anti-factor Xa activity	plasma	coagulation assay	api_Anti-factor Xa activity_vs_apixaban_ug	85.4337152209492	NA	NA	NA	ug/l	NA
Kreutz2017	NA	all	1.0	api	NR	hr	concentration	apixaban	plasma	LC MS/MS	api_apixaban_plasma_vs_Anti-factor Xa activity_ug	121.899059024808	NA	ug/l	Anti-factor Xa activity	plasma	coagulation assay	api_Anti-factor Xa activity_vs_apixaban_ug	86.4157119476269	NA	NA	NA	ug/l	NA
Kreutz2017	NA	all	1.0	api	NR	hr	concentration	apixaban	plasma	LC MS/MS	api_apixaban_plasma_vs_Anti-factor Xa activity_ug	124.721984602224	NA	ug/l	Anti-factor Xa activity	plasma	coagulation assay	api_Anti-factor Xa activity_vs_apixaban_ug	87.3977086743044	NA	NA	NA	ug/l	NA
Kreutz2017	NA	all	1.0	api	NR	hr	concentration	apixaban	plasma	LC MS/MS	api_apixaban_plasma_vs_Anti-factor Xa activity_ug	124.465355004277	NA	ug/l	Anti-factor Xa activity	plasma	coagulation assay	api_Anti-factor Xa activity_vs_apixaban_ug	82.9787234042553	NA	NA	NA	ug/l	NA
Kreutz2017	NA	all	1.0	api	NR	hr	concentration	apixaban	plasma	LC MS/MS	api_apixaban_plasma_vs_Anti-factor Xa activity_ug	126.7750213858	NA	ug/l	Anti-factor Xa activity	plasma	coagulation assay	api_Anti-factor Xa activity_vs_apixaban_ug	86.4157119476269	NA	NA	NA	ug/l	NA
Kreutz2017	NA	all	1.0	api	NR	hr	concentration	apixaban	plasma	LC MS/MS	api_apixaban_plasma_vs_Anti-factor Xa activity_ug	126.518391787853	NA	ug/l	Anti-factor Xa activity	plasma	coagulation assay	api_Anti-factor Xa activity_vs_apixaban_ug	90.8346972176759	NA	NA	NA	ug/l	NA
Kreutz2017	NA	all	1.0	api	NR	hr	concentration	apixaban	plasma	LC MS/MS	api_apixaban_plasma_vs_Anti-factor Xa activity_ug	127.544910179641	NA	ug/l	Anti-factor Xa activity	plasma	coagulation assay	api_Anti-factor Xa activity_vs_apixaban_ug	95.253682487725	NA	NA	NA	ug/l	NA
Kreutz2017	NA	all	1.0	api	NR	hr	concentration	apixaban	plasma	LC MS/MS	api_apixaban_plasma_vs_Anti-factor Xa activity_ug	131.137724550898	NA	ug/l	Anti-factor Xa activity	plasma	coagulation assay	api_Anti-factor Xa activity_vs_apixaban_ug	94.2716857610474	NA	NA	NA	ug/l	NA
Kreutz2017	NA	all	1.0	api	NR	hr	concentration	apixaban	plasma	LC MS/MS	api_apixaban_plasma_vs_Anti-factor Xa activity_ug	129.854576561163	NA	ug/l	Anti-factor Xa activity	plasma	coagulation assay	api_Anti-factor Xa activity_vs_apixaban_ug	90.3436988543371	NA	NA	NA	ug/l	NA
Kreutz2017	NA	all	1.0	api	NR	hr	concentration	apixaban	plasma	LC MS/MS	api_apixaban_plasma_vs_Anti-factor Xa activity_ug	130.624465355004	NA	ug/l	Anti-factor Xa activity	plasma	coagulation assay	api_Anti-factor Xa activity_vs_apixaban_ug	87.3977086743044	NA	NA	NA	ug/l	NA
Kreutz2017	NA	all	1.0	api	NR	hr	concentration	apixaban	plasma	LC MS/MS	api_apixaban_plasma_vs_Anti-factor Xa activity_ug	134.473909324209	NA	ug/l	Anti-factor Xa activity	plasma	coagulation assay	api_Anti-factor Xa activity_vs_apixaban_ug	85.4337152209492	NA	NA	NA	ug/l	NA
Kreutz2017	NA	all	1.0	api	NR	hr	concentration	apixaban	plasma	LC MS/MS	api_apixaban_plasma_vs_Anti-factor Xa activity_ug	133.704020530368	NA	ug/l	Anti-factor Xa activity	plasma	coagulation assay	api_Anti-factor Xa activity_vs_apixaban_ug	88.8707037643208	NA	NA	NA	ug/l	NA
Kreutz2017	NA	all	1.0	api	NR	hr	concentration	apixaban	plasma	LC MS/MS	api_apixaban_plasma_vs_Anti-factor Xa activity_ug	135.24379811805	NA	ug/l	Anti-factor Xa activity	plasma	coagulation assay	api_Anti-factor Xa activity_vs_apixaban_ug	91.8166939443535	NA	NA	NA	ug/l	NA
Kreutz2017	NA	all	1.0	api	NR	hr	concentration	apixaban	plasma	LC MS/MS	api_apixaban_plasma_vs_Anti-factor Xa activity_ug	134.473909324209	NA	ug/l	Anti-factor Xa activity	plasma	coagulation assay	api_Anti-factor Xa activity_vs_apixaban_ug	94.7626841243863	NA	NA	NA	ug/l	NA
Kreutz2017	NA	all	1.0	api	NR	hr	concentration	apixaban	plasma	LC MS/MS	api_apixaban_plasma_vs_Anti-factor Xa activity_ug	137.810094097519	NA	ug/l	Anti-factor Xa activity	plasma	coagulation assay	api_Anti-factor Xa activity_vs_apixaban_ug	96.7266775777414	NA	NA	NA	ug/l	NA
Kreutz2017	NA	all	1.0	api	NR	hr	concentration	apixaban	plasma	LC MS/MS	api_apixaban_plasma_vs_Anti-factor Xa activity_ug	137.810094097519	NA	ug/l	Anti-factor Xa activity	plasma	coagulation assay	api_Anti-factor Xa activity_vs_apixaban_ug	101.636661211129	NA	NA	NA	ug/l	NA
Kreutz2017	NA	all	1.0	api	NR	hr	concentration	apixaban	plasma	LC MS/MS	api_apixaban_plasma_vs_Anti-factor Xa activity_ug	137.296834901625	NA	ug/l	Anti-factor Xa activity	plasma	coagulation assay	api_Anti-factor Xa activity_vs_apixaban_ug	108.019639934534	NA	NA	NA	ug/l	NA
Kreutz2017	NA	all	1.0	api	NR	hr	concentration	apixaban	plasma	LC MS/MS	api_apixaban_plasma_vs_Anti-factor Xa activity_ug	133.190761334474	NA	ug/l	Anti-factor Xa activity	plasma	coagulation assay	api_Anti-factor Xa activity_vs_apixaban_ug	106.055646481178	NA	NA	NA	ug/l	NA
Kreutz2017	NA	all	1.0	api	NR	hr	concentration	apixaban	plasma	LC MS/MS	api_apixaban_plasma_vs_Anti-factor Xa activity_ug	140.633019674936	NA	ug/l	Anti-factor Xa activity	plasma	coagulation assay	api_Anti-factor Xa activity_vs_apixaban_ug	90.3436988543371	NA	NA	NA	ug/l	NA
Kreutz2017	NA	all	1.0	api	NR	hr	concentration	apixaban	plasma	LC MS/MS	api_apixaban_plasma_vs_Anti-factor Xa activity_ug	143.712574850299	NA	ug/l	Anti-factor Xa activity	plasma	coagulation assay	api_Anti-factor Xa activity_vs_apixaban_ug	97.708674304419	NA	NA	NA	ug/l	NA
Kreutz2017	NA	all	1.0	api	NR	hr	concentration	apixaban	plasma	LC MS/MS	api_apixaban_plasma_vs_Anti-factor Xa activity_ug	143.712574850299	NA	ug/l	Anti-factor Xa activity	plasma	coagulation assay	api_Anti-factor Xa activity_vs_apixaban_ug	101.636661211129	NA	NA	NA	ug/l	NA
Kreutz2017	NA	all	1.0	api	NR	hr	concentration	apixaban	plasma	LC MS/MS	api_apixaban_plasma_vs_Anti-factor Xa activity_ug	147.305389221557	NA	ug/l	Anti-factor Xa activity	plasma	coagulation assay	api_Anti-factor Xa activity_vs_apixaban_ug	100.163666121113	NA	NA	NA	ug/l	NA
Kreutz2017	NA	all	1.0	api	NR	hr	concentration	apixaban	plasma	LC MS/MS	api_apixaban_plasma_vs_Anti-factor Xa activity_ug	148.845166809239	NA	ug/l	Anti-factor Xa activity	plasma	coagulation assay	api_Anti-factor Xa activity_vs_apixaban_ug	102.618657937807	NA	NA	NA	ug/l	NA
Kreutz2017	NA	all	1.0	api	NR	hr	concentration	apixaban	plasma	LC MS/MS	api_apixaban_plasma_vs_Anti-factor Xa activity_ug	149.61505560308	NA	ug/l	Anti-factor Xa activity	plasma	coagulation assay	api_Anti-factor Xa activity_vs_apixaban_ug	111.947626841244	NA	NA	NA	ug/l	NA
Kreutz2017	NA	all	1.0	api	NR	hr	concentration	apixaban	plasma	LC MS/MS	api_apixaban_plasma_vs_Anti-factor Xa activity_ug	152.437981180496	NA	ug/l	Anti-factor Xa activity	plasma	coagulation assay	api_Anti-factor Xa activity_vs_apixaban_ug	109.001636661211	NA	NA	NA	ug/l	NA
Kreutz2017	NA	all	1.0	api	NR	hr	concentration	apixaban	plasma	LC MS/MS	api_apixaban_plasma_vs_Anti-factor Xa activity_ug	153.977758768178	NA	ug/l	Anti-factor Xa activity	plasma	coagulation assay	api_Anti-factor Xa activity_vs_apixaban_ug	110.474631751227	NA	NA	NA	ug/l	NA
Kreutz2017	NA	all	1.0	api	NR	hr	concentration	apixaban	plasma	LC MS/MS	api_apixaban_plasma_vs_Anti-factor Xa activity_ug	155.004277159966	NA	ug/l	Anti-factor Xa activity	plasma	coagulation assay	api_Anti-factor Xa activity_vs_apixaban_ug	112.438625204583	NA	NA	NA	ug/l	NA
Kreutz2017	NA	all	1.0	api	NR	hr	concentration	apixaban	plasma	LC MS/MS	api_apixaban_plasma_vs_Anti-factor Xa activity_ug	157.057313943541	NA	ug/l	Anti-factor Xa activity	plasma	coagulation assay	api_Anti-factor Xa activity_vs_apixaban_ug	109.49263502455	NA	NA	NA	ug/l	NA
Kreutz2017	NA	all	1.0	api	NR	hr	concentration	apixaban	plasma	LC MS/MS	api_apixaban_plasma_vs_Anti-factor Xa activity_ug	158.85372112917	NA	ug/l	Anti-factor Xa activity	plasma	coagulation assay	api_Anti-factor Xa activity_vs_apixaban_ug	112.929623567921	NA	NA	NA	ug/l	NA
Kreutz2017	NA	all	1.0	api	NR	hr	concentration	apixaban	plasma	LC MS/MS	api_apixaban_plasma_vs_Anti-factor Xa activity_ug	153.721129170231	NA	ug/l	Anti-factor Xa activity	plasma	coagulation assay	api_Anti-factor Xa activity_vs_apixaban_ug	98.6906710310966	NA	NA	NA	ug/l	NA
Kreutz2017	NA	all	1.0	api	NR	hr	concentration	apixaban	plasma	LC MS/MS	api_apixaban_plasma_vs_Anti-factor Xa activity_ug	161.42001710864	NA	ug/l	Anti-factor Xa activity	plasma	coagulation assay	api_Anti-factor Xa activity_vs_apixaban_ug	108.019639934534	NA	NA	NA	ug/l	NA
Kreutz2017	NA	all	1.0	api	NR	hr	concentration	apixaban	plasma	LC MS/MS	api_apixaban_plasma_vs_Anti-factor Xa activity_ug	161.933276304534	NA	ug/l	Anti-factor Xa activity	plasma	coagulation assay	api_Anti-factor Xa activity_vs_apixaban_ug	120.294599018003	NA	NA	NA	ug/l	NA
Kreutz2017	NA	all	1.0	api	NR	hr	concentration	apixaban	plasma	LC MS/MS	api_apixaban_plasma_vs_Anti-factor Xa activity_ug	164.499572284003	NA	ug/l	Anti-factor Xa activity	plasma	coagulation assay	api_Anti-factor Xa activity_vs_apixaban_ug	112.438625204583	NA	NA	NA	ug/l	NA
Kreutz2017	NA	all	1.0	api	NR	hr	concentration	apixaban	plasma	LC MS/MS	api_apixaban_plasma_vs_Anti-factor Xa activity_ug	167.835757057314	NA	ug/l	Anti-factor Xa activity	plasma	coagulation assay	api_Anti-factor Xa activity_vs_apixaban_ug	113.42062193126	NA	NA	NA	ug/l	NA
Kreutz2017	NA	all	1.0	api	NR	hr	concentration	apixaban	plasma	LC MS/MS	api_apixaban_plasma_vs_Anti-factor Xa activity_ug	169.632164242943	NA	ug/l	Anti-factor Xa activity	plasma	coagulation assay	api_Anti-factor Xa activity_vs_apixaban_ug	122.749590834697	NA	NA	NA	ug/l	NA
Kreutz2017	NA	all	1.0	api	NR	hr	concentration	apixaban	plasma	LC MS/MS	api_apixaban_plasma_vs_Anti-factor Xa activity_ug	164.242942686056	NA	ug/l	Anti-factor Xa activity	plasma	coagulation assay	api_Anti-factor Xa activity_vs_apixaban_ug	130.605564648118	NA	NA	NA	ug/l	NA
Kreutz2017	NA	all	1.0	api	NR	hr	concentration	apixaban	plasma	LC MS/MS	api_apixaban_plasma_vs_Anti-factor Xa activity_ug	171.171941830624	NA	ug/l	Anti-factor Xa activity	plasma	coagulation assay	api_Anti-factor Xa activity_vs_apixaban_ug	110.965630114566	NA	NA	NA	ug/l	NA
Kreutz2017	NA	all	1.0	api	NR	hr	concentration	apixaban	plasma	LC MS/MS	api_apixaban_plasma_vs_Anti-factor Xa activity_ug	173.738237810094	NA	ug/l	Anti-factor Xa activity	plasma	coagulation assay	api_Anti-factor Xa activity_vs_apixaban_ug	110.474631751227	NA	NA	NA	ug/l	NA
Kreutz2017	NA	all	1.0	api	NR	hr	concentration	apixaban	plasma	LC MS/MS	api_apixaban_plasma_vs_Anti-factor Xa activity_ug	172.455089820359	NA	ug/l	Anti-factor Xa activity	plasma	coagulation assay	api_Anti-factor Xa activity_vs_apixaban_ug	106.546644844517	NA	NA	NA	ug/l	NA
Kreutz2017	NA	all	1.0	api	NR	hr	concentration	apixaban	plasma	LC MS/MS	api_apixaban_plasma_vs_Anti-factor Xa activity_ug	101.112061591104	NA	ug/l	Anti-factor Xa activity	plasma	coagulation assay	api_Anti-factor Xa activity_vs_apixaban_ug	99.1816693944353	NA	NA	NA	ug/l	NA
Kreutz2017	NA	all	1.0	api	NR	hr	concentration	apixaban	plasma	LC MS/MS	api_apixaban_plasma_vs_Anti-factor Xa activity_ug	31.8220701454234	NA	ug/l	Anti-factor Xa activity	plasma	coagulation assay	api_Anti-factor Xa activity_vs_apixaban_ug	61.3747954173486	NA	NA	NA	ug/l	NA
Kreutz2017	NA	all	1.0	api	NR	hr	concentration	apixaban	plasma	LC MS/MS	api_apixaban_plasma_vs_Anti-factor Xa activity_ug	176.561163387511	NA	ug/l	Anti-factor Xa activity	plasma	coagulation assay	api_Anti-factor Xa activity_vs_apixaban_ug	139.443535188216	NA	NA	NA	ug/l	NA
Kreutz2017	NA	all	1.0	api	NR	hr	concentration	apixaban	plasma	LC MS/MS	api_apixaban_plasma_vs_Anti-factor Xa activity_ug	184.516680923867	NA	ug/l	Anti-factor Xa activity	plasma	coagulation assay	api_Anti-factor Xa activity_vs_apixaban_ug	139.443535188216	NA	NA	NA	ug/l	NA
Kreutz2017	NA	all	1.0	api	NR	hr	concentration	apixaban	plasma	LC MS/MS	api_apixaban_plasma_vs_Anti-factor Xa activity_ug	190.675791274594	NA	ug/l	Anti-factor Xa activity	plasma	coagulation assay	api_Anti-factor Xa activity_vs_apixaban_ug	149.754500818331	NA	NA	NA	ug/l	NA
Kreutz2017	NA	all	1.0	api	NR	hr	concentration	apixaban	plasma	LC MS/MS	api_apixaban_plasma_vs_Anti-factor Xa activity_ug	183.490162532079	NA	ug/l	Anti-factor Xa activity	plasma	coagulation assay	api_Anti-factor Xa activity_vs_apixaban_ug	117.839607201309	NA	NA	NA	ug/l	NA
Kreutz2017	NA	all	1.0	api	NR	hr	concentration	apixaban	plasma	LC MS/MS	api_apixaban_plasma_vs_Anti-factor Xa activity_ug	210.692899914457	NA	ug/l	Anti-factor Xa activity	plasma	coagulation assay	api_Anti-factor Xa activity_vs_apixaban_ug	157.119476268412	NA	NA	NA	ug/l	NA
Kreutz2017	NA	all	1.0	api	NR	hr	concentration	apixaban	plasma	LC MS/MS	api_apixaban_plasma_vs_Anti-factor Xa activity_ug	217.878528656972	NA	ug/l	Anti-factor Xa activity	plasma	coagulation assay	api_Anti-factor Xa activity_vs_apixaban_ug	160.065466448445	NA	NA	NA	ug/l	NA
Kreutz2017	NA	all	1.0	riv	NR	hr	concentration	rivaroxaban	plasma	LC MS/MS	riv_rivaroxaban_plasma_vs_Anti-factor Xa activity_ug	0.51325919589393	NA	ug/l	Anti-factor Xa activity	plasma	coagulation assay	riv_Anti-factor Xa activity_vs_rivaroxaban_ug	0.0	NA	NA	NA	ug/l	NA
Kreutz2017	NA	all	1.0	riv	NR	hr	concentration	rivaroxaban	plasma	LC MS/MS	riv_rivaroxaban_plasma_vs_Anti-factor Xa activity_ug	13.857998289136	NA	ug/l	Anti-factor Xa activity	plasma	coagulation assay	riv_Anti-factor Xa activity_vs_rivaroxaban_ug	0.0	NA	NA	NA	ug/l	NA
Kreutz2017	NA	all	1.0	riv	NR	hr	concentration	rivaroxaban	plasma	LC MS/MS	riv_rivaroxaban_plasma_vs_Anti-factor Xa activity_ug	4.36270316509837	NA	ug/l	Anti-factor Xa activity	plasma	coagulation assay	riv_Anti-factor Xa activity_vs_rivaroxaban_ug	25.0409165302783	NA	NA	NA	ug/l	NA
Kreutz2017	NA	all	1.0	riv	NR	hr	concentration	rivaroxaban	plasma	LC MS/MS	riv_rivaroxaban_plasma_vs_Anti-factor Xa activity_ug	5.90248075278015	NA	ug/l	Anti-factor Xa activity	plasma	coagulation assay	riv_Anti-factor Xa activity_vs_rivaroxaban_ug	31.9148936170213	NA	NA	NA	ug/l	NA
Kreutz2017	NA	all	1.0	riv	NR	hr	concentration	rivaroxaban	plasma	LC MS/MS	riv_rivaroxaban_plasma_vs_Anti-factor Xa activity_ug	6.15911035072712	NA	ug/l	Anti-factor Xa activity	plasma	coagulation assay	riv_Anti-factor Xa activity_vs_rivaroxaban_ug	23.5679214402619	NA	NA	NA	ug/l	NA
Kreutz2017	NA	all	1.0	riv	NR	hr	concentration	rivaroxaban	plasma	LC MS/MS	riv_rivaroxaban_plasma_vs_Anti-factor Xa activity_ug	7.18562874251497	NA	ug/l	Anti-factor Xa activity	plasma	coagulation assay	riv_Anti-factor Xa activity_vs_rivaroxaban_ug	26.5139116202946	NA	NA	NA	ug/l	NA
Kreutz2017	NA	all	1.0	riv	NR	hr	concentration	rivaroxaban	plasma	LC MS/MS	riv_rivaroxaban_plasma_vs_Anti-factor Xa activity_ug	8.72540633019675	NA	ug/l	Anti-factor Xa activity	plasma	coagulation assay	riv_Anti-factor Xa activity_vs_rivaroxaban_ug	24.0589198036006	NA	NA	NA	ug/l	NA
Kreutz2017	NA	all	1.0	riv	NR	hr	concentration	rivaroxaban	plasma	LC MS/MS	riv_rivaroxaban_plasma_vs_Anti-factor Xa activity_ug	9.23866552609067	NA	ug/l	Anti-factor Xa activity	plasma	coagulation assay	riv_Anti-factor Xa activity_vs_rivaroxaban_ug	28.9689034369885	NA	NA	NA	ug/l	NA
Kreutz2017	NA	all	1.0	riv	NR	hr	concentration	rivaroxaban	plasma	LC MS/MS	riv_rivaroxaban_plasma_vs_Anti-factor Xa activity_ug	10.7784431137725	NA	ug/l	Anti-factor Xa activity	plasma	coagulation assay	riv_Anti-factor Xa activity_vs_rivaroxaban_ug	25.531914893617	NA	NA	NA	ug/l	NA
Kreutz2017	NA	all	1.0	riv	NR	hr	concentration	rivaroxaban	plasma	LC MS/MS	riv_rivaroxaban_plasma_vs_Anti-factor Xa activity_ug	11.2917023096664	NA	ug/l	Anti-factor Xa activity	plasma	coagulation assay	riv_Anti-factor Xa activity_vs_rivaroxaban_ug	27.986906710311	NA	NA	NA	ug/l	NA
Kreutz2017	NA	all	1.0	riv	NR	hr	concentration	rivaroxaban	plasma	LC MS/MS	riv_rivaroxaban_plasma_vs_Anti-factor Xa activity_ug	12.5748502994012	NA	ug/l	Anti-factor Xa activity	plasma	coagulation assay	riv_Anti-factor Xa activity_vs_rivaroxaban_ug	30.9328968903437	NA	NA	NA	ug/l	NA
Kreutz2017	NA	all	1.0	riv	NR	hr	concentration	rivaroxaban	plasma	LC MS/MS	riv_rivaroxaban_plasma_vs_Anti-factor Xa activity_ug	14.6278870829769	NA	ug/l	Anti-factor Xa activity	plasma	coagulation assay	riv_Anti-factor Xa activity_vs_rivaroxaban_ug	29.9509001636661	NA	NA	NA	ug/l	NA
Kreutz2017	NA	all	1.0	riv	NR	hr	concentration	rivaroxaban	plasma	LC MS/MS	riv_rivaroxaban_plasma_vs_Anti-factor Xa activity_ug	18.4773310521814	NA	ug/l	Anti-factor Xa activity	plasma	coagulation assay	riv_Anti-factor Xa activity_vs_rivaroxaban_ug	31.9148936170213	NA	NA	NA	ug/l	NA
Kreutz2017	NA	all	1.0	riv	NR	hr	concentration	rivaroxaban	plasma	LC MS/MS	riv_rivaroxaban_plasma_vs_Anti-factor Xa activity_ug	21.3002566295979	NA	ug/l	Anti-factor Xa activity	plasma	coagulation assay	riv_Anti-factor Xa activity_vs_rivaroxaban_ug	32.4058919803601	NA	NA	NA	ug/l	NA
Kreutz2017	NA	all	1.0	riv	NR	hr	concentration	rivaroxaban	plasma	LC MS/MS	riv_rivaroxaban_plasma_vs_Anti-factor Xa activity_ug	23.0966638152267	NA	ug/l	Anti-factor Xa activity	plasma	coagulation assay	riv_Anti-factor Xa activity_vs_rivaroxaban_ug	34.3698854337152	NA	NA	NA	ug/l	NA
Kreutz2017	NA	all	1.0	riv	NR	hr	concentration	rivaroxaban	plasma	LC MS/MS	riv_rivaroxaban_plasma_vs_Anti-factor Xa activity_ug	25.1497005988024	NA	ug/l	Anti-factor Xa activity	plasma	coagulation assay	riv_Anti-factor Xa activity_vs_rivaroxaban_ug	36.3338788870704	NA	NA	NA	ug/l	NA
Kreutz2017	NA	all	1.0	riv	NR	hr	concentration	rivaroxaban	plasma	LC MS/MS	riv_rivaroxaban_plasma_vs_Anti-factor Xa activity_ug	28.2292557741659	NA	ug/l	Anti-factor Xa activity	plasma	coagulation assay	riv_Anti-factor Xa activity_vs_rivaroxaban_ug	39.2798690671031	NA	NA	NA	ug/l	NA
Kreutz2017	NA	all	1.0	riv	NR	hr	concentration	rivaroxaban	plasma	LC MS/MS	riv_rivaroxaban_plasma_vs_Anti-factor Xa activity_ug	30.2822925577417	NA	ug/l	Anti-factor Xa activity	plasma	coagulation assay	riv_Anti-factor Xa activity_vs_rivaroxaban_ug	36.8248772504091	NA	NA	NA	ug/l	NA
Kreutz2017	NA	all	1.0	riv	NR	hr	concentration	rivaroxaban	plasma	LC MS/MS	riv_rivaroxaban_plasma_vs_Anti-factor Xa activity_ug	27.2027373823781	NA	ug/l	Anti-factor Xa activity	plasma	coagulation assay	riv_Anti-factor Xa activity_vs_rivaroxaban_ug	34.3698854337152	NA	NA	NA	ug/l	NA
Kreutz2017	NA	all	1.0	riv	NR	hr	concentration	rivaroxaban	plasma	LC MS/MS	riv_rivaroxaban_plasma_vs_Anti-factor Xa activity_ug	24.8930710008554	NA	ug/l	Anti-factor Xa activity	plasma	coagulation assay	riv_Anti-factor Xa activity_vs_rivaroxaban_ug	32.4058919803601	NA	NA	NA	ug/l	NA
Kreutz2017	NA	all	1.0	riv	NR	hr	concentration	rivaroxaban	plasma	LC MS/MS	riv_rivaroxaban_plasma_vs_Anti-factor Xa activity_ug	34.3883661248931	NA	ug/l	Anti-factor Xa activity	plasma	coagulation assay	riv_Anti-factor Xa activity_vs_rivaroxaban_ug	38.2978723404255	NA	NA	NA	ug/l	NA
Kreutz2017	NA	all	1.0	riv	NR	hr	concentration	rivaroxaban	plasma	LC MS/MS	riv_rivaroxaban_plasma_vs_Anti-factor Xa activity_ug	32.5919589392643	NA	ug/l	Anti-factor Xa activity	plasma	coagulation assay	riv_Anti-factor Xa activity_vs_rivaroxaban_ug	37.3158756137479	NA	NA	NA	ug/l	NA
Kreutz2017	NA	all	1.0	riv	NR	hr	concentration	rivaroxaban	plasma	LC MS/MS	riv_rivaroxaban_plasma_vs_Anti-factor Xa activity_ug	37.7245508982036	NA	ug/l	Anti-factor Xa activity	plasma	coagulation assay	riv_Anti-factor Xa activity_vs_rivaroxaban_ug	38.7888707037643	NA	NA	NA	ug/l	NA
Kreutz2017	NA	all	1.0	riv	NR	hr	concentration	rivaroxaban	plasma	LC MS/MS	riv_rivaroxaban_plasma_vs_Anti-factor Xa activity_ug	40.0342172797263	NA	ug/l	Anti-factor Xa activity	plasma	coagulation assay	riv_Anti-factor Xa activity_vs_rivaroxaban_ug	42.7168576104746	NA	NA	NA	ug/l	NA
Kreutz2017	NA	all	1.0	riv	NR	hr	concentration	rivaroxaban	plasma	LC MS/MS	riv_rivaroxaban_plasma_vs_Anti-factor Xa activity_ug	37.7245508982036	NA	ug/l	Anti-factor Xa activity	plasma	coagulation assay	riv_Anti-factor Xa activity_vs_rivaroxaban_ug	44.189852700491	NA	NA	NA	ug/l	NA
Kreutz2017	NA	all	1.0	riv	NR	hr	concentration	rivaroxaban	plasma	LC MS/MS	riv_rivaroxaban_plasma_vs_Anti-factor Xa activity_ug	43.1137724550898	NA	ug/l	Anti-factor Xa activity	plasma	coagulation assay	riv_Anti-factor Xa activity_vs_rivaroxaban_ug	45.6628477905073	NA	NA	NA	ug/l	NA
Kreutz2017	NA	all	1.0	riv	NR	hr	concentration	rivaroxaban	plasma	LC MS/MS	riv_rivaroxaban_plasma_vs_Anti-factor Xa activity_ug	45.9366980325064	NA	ug/l	Anti-factor Xa activity	plasma	coagulation assay	riv_Anti-factor Xa activity_vs_rivaroxaban_ug	46.1538461538461	NA	NA	NA	ug/l	NA
Kreutz2017	NA	all	1.0	riv	NR	hr	concentration	rivaroxaban	plasma	LC MS/MS	riv_rivaroxaban_plasma_vs_Anti-factor Xa activity_ug	48.2463644140291	NA	ug/l	Anti-factor Xa activity	plasma	coagulation assay	riv_Anti-factor Xa activity_vs_rivaroxaban_ug	51.0638297872341	NA	NA	NA	ug/l	NA
Kreutz2017	NA	all	1.0	riv	NR	hr	concentration	rivaroxaban	plasma	LC MS/MS	riv_rivaroxaban_plasma_vs_Anti-factor Xa activity_ug	50.2994011976048	NA	ug/l	Anti-factor Xa activity	plasma	coagulation assay	riv_Anti-factor Xa activity_vs_rivaroxaban_ug	49.5908346972177	NA	NA	NA	ug/l	NA
Kreutz2017	NA	all	1.0	riv	NR	hr	concentration	rivaroxaban	plasma	LC MS/MS	riv_rivaroxaban_plasma_vs_Anti-factor Xa activity_ug	53.8922155688623	NA	ug/l	Anti-factor Xa activity	plasma	coagulation assay	riv_Anti-factor Xa activity_vs_rivaroxaban_ug	52.5368248772504	NA	NA	NA	ug/l	NA
Kreutz2017	NA	all	1.0	riv	NR	hr	concentration	rivaroxaban	plasma	LC MS/MS	riv_rivaroxaban_plasma_vs_Anti-factor Xa activity_ug	56.201881950385	NA	ug/l	Anti-factor Xa activity	plasma	coagulation assay	riv_Anti-factor Xa activity_vs_rivaroxaban_ug	59.9018003273322	NA	NA	NA	ug/l	NA
Kreutz2017	NA	all	1.0	riv	NR	hr	concentration	rivaroxaban	plasma	LC MS/MS	riv_rivaroxaban_plasma_vs_Anti-factor Xa activity_ug	57.2284003421728	NA	ug/l	Anti-factor Xa activity	plasma	coagulation assay	riv_Anti-factor Xa activity_vs_rivaroxaban_ug	56.9558101472995	NA	NA	NA	ug/l	NA
Kreutz2017	NA	all	1.0	riv	NR	hr	concentration	rivaroxaban	plasma	LC MS/MS	riv_rivaroxaban_plasma_vs_Anti-factor Xa activity_ug	60.3079555175364	NA	ug/l	Anti-factor Xa activity	plasma	coagulation assay	riv_Anti-factor Xa activity_vs_rivaroxaban_ug	57.4468085106383	NA	NA	NA	ug/l	NA
Kreutz2017	NA	all	1.0	riv	NR	hr	concentration	rivaroxaban	plasma	LC MS/MS	riv_rivaroxaban_plasma_vs_Anti-factor Xa activity_ug	61.8477331052181	NA	ug/l	Anti-factor Xa activity	plasma	coagulation assay	riv_Anti-factor Xa activity_vs_rivaroxaban_ug	55.4828150572831	NA	NA	NA	ug/l	NA
Kreutz2017	NA	all	1.0	riv	NR	hr	concentration	rivaroxaban	plasma	LC MS/MS	riv_rivaroxaban_plasma_vs_Anti-factor Xa activity_ug	64.6706586826347	NA	ug/l	Anti-factor Xa activity	plasma	coagulation assay	riv_Anti-factor Xa activity_vs_rivaroxaban_ug	56.9558101472995	NA	NA	NA	ug/l	NA
Kreutz2017	NA	all	1.0	riv	NR	hr	concentration	rivaroxaban	plasma	LC MS/MS	riv_rivaroxaban_plasma_vs_Anti-factor Xa activity_ug	68.0068434559452	NA	ug/l	Anti-factor Xa activity	plasma	coagulation assay	riv_Anti-factor Xa activity_vs_rivaroxaban_ug	55.9738134206219	NA	NA	NA	ug/l	NA
Kreutz2017	NA	all	1.0	riv	NR	hr	concentration	rivaroxaban	plasma	LC MS/MS	riv_rivaroxaban_plasma_vs_Anti-factor Xa activity_ug	69.0333618477331	NA	ug/l	Anti-factor Xa activity	plasma	coagulation assay	riv_Anti-factor Xa activity_vs_rivaroxaban_ug	59.9018003273322	NA	NA	NA	ug/l	NA
Kreutz2017	NA	all	1.0	riv	NR	hr	concentration	rivaroxaban	plasma	LC MS/MS	riv_rivaroxaban_plasma_vs_Anti-factor Xa activity_ug	69.0333618477331	NA	ug/l	Anti-factor Xa activity	plasma	coagulation assay	riv_Anti-factor Xa activity_vs_rivaroxaban_ug	49.5908346972177	NA	NA	NA	ug/l	NA
Kreutz2017	NA	all	1.0	riv	NR	hr	concentration	rivaroxaban	plasma	LC MS/MS	riv_rivaroxaban_plasma_vs_Anti-factor Xa activity_ug	74.4225834046193	NA	ug/l	Anti-factor Xa activity	plasma	coagulation assay	riv_Anti-factor Xa activity_vs_rivaroxaban_ug	64.8117839607201	NA	NA	NA	ug/l	NA
Kreutz2017	NA	all	1.0	riv	NR	hr	concentration	rivaroxaban	plasma	LC MS/MS	riv_rivaroxaban_plasma_vs_Anti-factor Xa activity_ug	76.475620188195	NA	ug/l	Anti-factor Xa activity	plasma	coagulation assay	riv_Anti-factor Xa activity_vs_rivaroxaban_ug	70.7037643207856	NA	NA	NA	ug/l	NA
Kreutz2017	NA	all	1.0	riv	NR	hr	concentration	rivaroxaban	plasma	LC MS/MS	riv_rivaroxaban_plasma_vs_Anti-factor Xa activity_ug	75.4491017964072	NA	ug/l	Anti-factor Xa activity	plasma	coagulation assay	riv_Anti-factor Xa activity_vs_rivaroxaban_ug	74.1407528641571	NA	NA	NA	ug/l	NA
Kreutz2017	NA	all	1.0	riv	NR	hr	concentration	rivaroxaban	plasma	LC MS/MS	riv_rivaroxaban_plasma_vs_Anti-factor Xa activity_ug	82.1214713430282	NA	ug/l	Anti-factor Xa activity	plasma	coagulation assay	riv_Anti-factor Xa activity_vs_rivaroxaban_ug	71.1947626841244	NA	NA	NA	ug/l	NA
Kreutz2017	NA	all	1.0	riv	NR	hr	concentration	rivaroxaban	plasma	LC MS/MS	riv_rivaroxaban_plasma_vs_Anti-factor Xa activity_ug	84.1745081266039	NA	ug/l	Anti-factor Xa activity	plasma	coagulation assay	riv_Anti-factor Xa activity_vs_rivaroxaban_ug	66.7757774140753	NA	NA	NA	ug/l	NA
Kreutz2017	NA	all	1.0	riv	NR	hr	concentration	rivaroxaban	plasma	LC MS/MS	riv_rivaroxaban_plasma_vs_Anti-factor Xa activity_ug	85.7142857142857	NA	ug/l	Anti-factor Xa activity	plasma	coagulation assay	riv_Anti-factor Xa activity_vs_rivaroxaban_ug	73.6497545008183	NA	NA	NA	ug/l	NA
Kreutz2017	NA	all	1.0	riv	NR	hr	concentration	rivaroxaban	plasma	LC MS/MS	riv_rivaroxaban_plasma_vs_Anti-factor Xa activity_ug	86.9974337040205	NA	ug/l	Anti-factor Xa activity	plasma	coagulation assay	riv_Anti-factor Xa activity_vs_rivaroxaban_ug	81.9967266775777	NA	NA	NA	ug/l	NA
Kreutz2017	NA	all	1.0	riv	NR	hr	concentration	rivaroxaban	plasma	LC MS/MS	riv_rivaroxaban_plasma_vs_Anti-factor Xa activity_ug	91.103507271172	NA	ug/l	Anti-factor Xa activity	plasma	coagulation assay	riv_Anti-factor Xa activity_vs_rivaroxaban_ug	77.5777414075286	NA	NA	NA	ug/l	NA
Kreutz2017	NA	all	1.0	riv	NR	hr	concentration	rivaroxaban	plasma	LC MS/MS	riv_rivaroxaban_plasma_vs_Anti-factor Xa activity_ug	91.3601368691189	NA	ug/l	Anti-factor Xa activity	plasma	coagulation assay	riv_Anti-factor Xa activity_vs_rivaroxaban_ug	87.8887070376432	NA	NA	NA	ug/l	NA
Kreutz2017	NA	all	1.0	riv	NR	hr	concentration	rivaroxaban	plasma	LC MS/MS	riv_rivaroxaban_plasma_vs_Anti-factor Xa activity_ug	95.4662104362703	NA	ug/l	Anti-factor Xa activity	plasma	coagulation assay	riv_Anti-factor Xa activity_vs_rivaroxaban_ug	70.2127659574468	NA	NA	NA	ug/l	NA
Kreutz2017	NA	all	1.0	riv	NR	hr	concentration	rivaroxaban	plasma	LC MS/MS	riv_rivaroxaban_plasma_vs_Anti-factor Xa activity_ug	99.3156544054748	NA	ug/l	Anti-factor Xa activity	plasma	coagulation assay	riv_Anti-factor Xa activity_vs_rivaroxaban_ug	78.5597381342062	NA	NA	NA	ug/l	NA
Kreutz2017	NA	all	1.0	riv	NR	hr	concentration	rivaroxaban	plasma	LC MS/MS	riv_rivaroxaban_plasma_vs_Anti-factor Xa activity_ug	93.1565440547477	NA	ug/l	Anti-factor Xa activity	plasma	coagulation assay	riv_Anti-factor Xa activity_vs_rivaroxaban_ug	99.1816693944353	NA	NA	NA	ug/l	NA
Kreutz2017	NA	all	1.0	riv	NR	hr	concentration	rivaroxaban	plasma	LC MS/MS	riv_rivaroxaban_plasma_vs_Anti-factor Xa activity_ug	103.93498716852	NA	ug/l	Anti-factor Xa activity	plasma	coagulation assay	riv_Anti-factor Xa activity_vs_rivaroxaban_ug	85.9247135842881	NA	NA	NA	ug/l	NA
Kreutz2017	NA	all	1.0	riv	NR	hr	concentration	rivaroxaban	plasma	LC MS/MS	riv_rivaroxaban_plasma_vs_Anti-factor Xa activity_ug	107.014542343884	NA	ug/l	Anti-factor Xa activity	plasma	coagulation assay	riv_Anti-factor Xa activity_vs_rivaroxaban_ug	87.8887070376432	NA	NA	NA	ug/l	NA
Kreutz2017	NA	all	1.0	riv	NR	hr	concentration	rivaroxaban	plasma	LC MS/MS	riv_rivaroxaban_plasma_vs_Anti-factor Xa activity_ug	110.094097519247	NA	ug/l	Anti-factor Xa activity	plasma	coagulation assay	riv_Anti-factor Xa activity_vs_rivaroxaban_ug	88.379705400982	NA	NA	NA	ug/l	NA
Kreutz2017	NA	all	1.0	riv	NR	hr	concentration	rivaroxaban	plasma	LC MS/MS	riv_rivaroxaban_plasma_vs_Anti-factor Xa activity_ug	115.996578272027	NA	ug/l	Anti-factor Xa activity	plasma	coagulation assay	riv_Anti-factor Xa activity_vs_rivaroxaban_ug	109.49263502455	NA	NA	NA	ug/l	NA
Kreutz2017	NA	all	1.0	riv	NR	hr	concentration	rivaroxaban	plasma	LC MS/MS	riv_rivaroxaban_plasma_vs_Anti-factor Xa activity_ug	117.023096663815	NA	ug/l	Anti-factor Xa activity	plasma	coagulation assay	riv_Anti-factor Xa activity_vs_rivaroxaban_ug	104.582651391162	NA	NA	NA	ug/l	NA
Kreutz2017	NA	all	1.0	riv	NR	hr	concentration	rivaroxaban	plasma	LC MS/MS	riv_rivaroxaban_plasma_vs_Anti-factor Xa activity_ug	120.359281437126	NA	ug/l	Anti-factor Xa activity	plasma	coagulation assay	riv_Anti-factor Xa activity_vs_rivaroxaban_ug	109.49263502455	NA	NA	NA	ug/l	NA
Kreutz2017	NA	all	1.0	riv	NR	hr	concentration	rivaroxaban	plasma	LC MS/MS	riv_rivaroxaban_plasma_vs_Anti-factor Xa activity_ug	120.87254063302	NA	ug/l	Anti-factor Xa activity	plasma	coagulation assay	riv_Anti-factor Xa activity_vs_rivaroxaban_ug	98.1996726677577	NA	NA	NA	ug/l	NA
Kreutz2017	NA	all	1.0	riv	NR	hr	concentration	rivaroxaban	plasma	LC MS/MS	riv_rivaroxaban_plasma_vs_Anti-factor Xa activity_ug	117.023096663815	NA	ug/l	Anti-factor Xa activity	plasma	coagulation assay	riv_Anti-factor Xa activity_vs_rivaroxaban_ug	95.7446808510638	NA	NA	NA	ug/l	NA
Kreutz2017	NA	all	1.0	riv	NR	hr	concentration	rivaroxaban	plasma	LC MS/MS	riv_rivaroxaban_plasma_vs_Anti-factor Xa activity_ug	115.226689478187	NA	ug/l	Anti-factor Xa activity	plasma	coagulation assay	riv_Anti-factor Xa activity_vs_rivaroxaban_ug	92.3076923076923	NA	NA	NA	ug/l	NA
Kreutz2017	NA	all	1.0	riv	NR	hr	concentration	rivaroxaban	plasma	LC MS/MS	riv_rivaroxaban_plasma_vs_Anti-factor Xa activity_ug	129.084687767323	NA	ug/l	Anti-factor Xa activity	plasma	coagulation assay	riv_Anti-factor Xa activity_vs_rivaroxaban_ug	104.582651391162	NA	NA	NA	ug/l	NA
Kreutz2017	NA	all	1.0	riv	NR	hr	concentration	rivaroxaban	plasma	LC MS/MS	riv_rivaroxaban_plasma_vs_Anti-factor Xa activity_ug	134.217279726262	NA	ug/l	Anti-factor Xa activity	plasma	coagulation assay	riv_Anti-factor Xa activity_vs_rivaroxaban_ug	96.7266775777414	NA	NA	NA	ug/l	NA
Kreutz2017	NA	all	1.0	riv	NR	hr	concentration	rivaroxaban	plasma	LC MS/MS	riv_rivaroxaban_plasma_vs_Anti-factor Xa activity_ug	135.757057313944	NA	ug/l	Anti-factor Xa activity	plasma	coagulation assay	riv_Anti-factor Xa activity_vs_rivaroxaban_ug	105.56464811784	NA	NA	NA	ug/l	NA
Kreutz2017	NA	all	1.0	riv	NR	hr	concentration	rivaroxaban	plasma	LC MS/MS	riv_rivaroxaban_plasma_vs_Anti-factor Xa activity_ug	135.500427715997	NA	ug/l	Anti-factor Xa activity	plasma	coagulation assay	riv_Anti-factor Xa activity_vs_rivaroxaban_ug	109.983633387889	NA	NA	NA	ug/l	NA
Kreutz2017	NA	all	1.0	riv	NR	hr	concentration	rivaroxaban	plasma	LC MS/MS	riv_rivaroxaban_plasma_vs_Anti-factor Xa activity_ug	129.597946963216	NA	ug/l	Anti-factor Xa activity	plasma	coagulation assay	riv_Anti-factor Xa activity_vs_rivaroxaban_ug	118.330605564648	NA	NA	NA	ug/l	NA
Kreutz2017	NA	all	1.0	riv	NR	hr	concentration	rivaroxaban	plasma	LC MS/MS	riv_rivaroxaban_plasma_vs_Anti-factor Xa activity_ug	133.704020530368	NA	ug/l	Anti-factor Xa activity	plasma	coagulation assay	riv_Anti-factor Xa activity_vs_rivaroxaban_ug	123.731587561375	NA	NA	NA	ug/l	NA
Kreutz2017	NA	all	1.0	riv	NR	hr	concentration	rivaroxaban	plasma	LC MS/MS	riv_rivaroxaban_plasma_vs_Anti-factor Xa activity_ug	138.323353293413	NA	ug/l	Anti-factor Xa activity	plasma	coagulation assay	riv_Anti-factor Xa activity_vs_rivaroxaban_ug	119.803600654664	NA	NA	NA	ug/l	NA
Kreutz2017	NA	all	1.0	riv	NR	hr	concentration	rivaroxaban	plasma	LC MS/MS	riv_rivaroxaban_plasma_vs_Anti-factor Xa activity_ug	140.633019674936	NA	ug/l	Anti-factor Xa activity	plasma	coagulation assay	riv_Anti-factor Xa activity_vs_rivaroxaban_ug	118.821603927987	NA	NA	NA	ug/l	NA
Kreutz2017	NA	all	1.0	riv	NR	hr	concentration	rivaroxaban	plasma	LC MS/MS	riv_rivaroxaban_plasma_vs_Anti-factor Xa activity_ug	143.969204448246	NA	ug/l	Anti-factor Xa activity	plasma	coagulation assay	riv_Anti-factor Xa activity_vs_rivaroxaban_ug	115.384615384615	NA	NA	NA	ug/l	NA
Kreutz2017	NA	all	1.0	riv	NR	hr	concentration	rivaroxaban	plasma	LC MS/MS	riv_rivaroxaban_plasma_vs_Anti-factor Xa activity_ug	144.739093242087	NA	ug/l	Anti-factor Xa activity	plasma	coagulation assay	riv_Anti-factor Xa activity_vs_rivaroxaban_ug	102.127659574468	NA	NA	NA	ug/l	NA
Kreutz2017	NA	all	1.0	riv	NR	hr	concentration	rivaroxaban	plasma	LC MS/MS	riv_rivaroxaban_plasma_vs_Anti-factor Xa activity_ug	147.562018819504	NA	ug/l	Anti-factor Xa activity	plasma	coagulation assay	riv_Anti-factor Xa activity_vs_rivaroxaban_ug	118.821603927987	NA	NA	NA	ug/l	NA
Kreutz2017	NA	all	1.0	riv	NR	hr	concentration	rivaroxaban	plasma	LC MS/MS	riv_rivaroxaban_plasma_vs_Anti-factor Xa activity_ug	149.61505560308	NA	ug/l	Anti-factor Xa activity	plasma	coagulation assay	riv_Anti-factor Xa activity_vs_rivaroxaban_ug	124.713584288052	NA	NA	NA	ug/l	NA
Kreutz2017	NA	all	1.0	riv	NR	hr	concentration	rivaroxaban	plasma	LC MS/MS	riv_rivaroxaban_plasma_vs_Anti-factor Xa activity_ug	141.402908468777	NA	ug/l	Anti-factor Xa activity	plasma	coagulation assay	riv_Anti-factor Xa activity_vs_rivaroxaban_ug	128.641571194763	NA	NA	NA	ug/l	NA
Kreutz2017	NA	all	1.0	riv	NR	hr	concentration	rivaroxaban	plasma	LC MS/MS	riv_rivaroxaban_plasma_vs_Anti-factor Xa activity_ug	139.349871685201	NA	ug/l	Anti-factor Xa activity	plasma	coagulation assay	riv_Anti-factor Xa activity_vs_rivaroxaban_ug	134.533551554828	NA	NA	NA	ug/l	NA
Kreutz2017	NA	all	1.0	riv	NR	hr	concentration	rivaroxaban	plasma	LC MS/MS	riv_rivaroxaban_plasma_vs_Anti-factor Xa activity_ug	141.659538066724	NA	ug/l	Anti-factor Xa activity	plasma	coagulation assay	riv_Anti-factor Xa activity_vs_rivaroxaban_ug	144.844517184943	NA	NA	NA	ug/l	NA
Kreutz2017	NA	all	1.0	riv	NR	hr	concentration	rivaroxaban	plasma	LC MS/MS	riv_rivaroxaban_plasma_vs_Anti-factor Xa activity_ug	153.464499572284	NA	ug/l	Anti-factor Xa activity	plasma	coagulation assay	riv_Anti-factor Xa activity_vs_rivaroxaban_ug	118.330605564648	NA	NA	NA	ug/l	NA
Kreutz2017	NA	all	1.0	riv	NR	hr	concentration	rivaroxaban	plasma	LC MS/MS	riv_rivaroxaban_plasma_vs_Anti-factor Xa activity_ug	157.313943541488	NA	ug/l	Anti-factor Xa activity	plasma	coagulation assay	riv_Anti-factor Xa activity_vs_rivaroxaban_ug	116.857610474632	NA	NA	NA	ug/l	NA
Kreutz2017	NA	all	1.0	riv	NR	hr	concentration	rivaroxaban	plasma	LC MS/MS	riv_rivaroxaban_plasma_vs_Anti-factor Xa activity_ug	163.216424294269	NA	ug/l	Anti-factor Xa activity	plasma	coagulation assay	riv_Anti-factor Xa activity_vs_rivaroxaban_ug	116.857610474632	NA	NA	NA	ug/l	NA
Kreutz2017	NA	all	1.0	riv	NR	hr	concentration	rivaroxaban	plasma	LC MS/MS	riv_rivaroxaban_plasma_vs_Anti-factor Xa activity_ug	153.977758768178	NA	ug/l	Anti-factor Xa activity	plasma	coagulation assay	riv_Anti-factor Xa activity_vs_rivaroxaban_ug	129.62356792144	NA	NA	NA	ug/l	NA
Kreutz2017	NA	all	1.0	riv	NR	hr	concentration	rivaroxaban	plasma	LC MS/MS	riv_rivaroxaban_plasma_vs_Anti-factor Xa activity_ug	157.313943541488	NA	ug/l	Anti-factor Xa activity	plasma	coagulation assay	riv_Anti-factor Xa activity_vs_rivaroxaban_ug	134.533551554828	NA	NA	NA	ug/l	NA
Kreutz2017	NA	all	1.0	riv	NR	hr	concentration	rivaroxaban	plasma	LC MS/MS	riv_rivaroxaban_plasma_vs_Anti-factor Xa activity_ug	157.313943541488	NA	ug/l	Anti-factor Xa activity	plasma	coagulation assay	riv_Anti-factor Xa activity_vs_rivaroxaban_ug	137.479541734861	NA	NA	NA	ug/l	NA
Kreutz2017	NA	all	1.0	riv	NR	hr	concentration	rivaroxaban	plasma	LC MS/MS	riv_rivaroxaban_plasma_vs_Anti-factor Xa activity_ug	160.650128314799	NA	ug/l	Anti-factor Xa activity	plasma	coagulation assay	riv_Anti-factor Xa activity_vs_rivaroxaban_ug	137.9705400982	NA	NA	NA	ug/l	NA
Kreutz2017	NA	all	1.0	riv	NR	hr	concentration	rivaroxaban	plasma	LC MS/MS	riv_rivaroxaban_plasma_vs_Anti-factor Xa activity_ug	161.676646706587	NA	ug/l	Anti-factor Xa activity	plasma	coagulation assay	riv_Anti-factor Xa activity_vs_rivaroxaban_ug	139.934533551555	NA	NA	NA	ug/l	NA
Kreutz2017	NA	all	1.0	riv	NR	hr	concentration	rivaroxaban	plasma	LC MS/MS	riv_rivaroxaban_plasma_vs_Anti-factor Xa activity_ug	160.393498716852	NA	ug/l	Anti-factor Xa activity	plasma	coagulation assay	riv_Anti-factor Xa activity_vs_rivaroxaban_ug	145.82651391162	NA	NA	NA	ug/l	NA
Kreutz2017	NA	all	1.0	riv	NR	hr	concentration	rivaroxaban	plasma	LC MS/MS	riv_rivaroxaban_plasma_vs_Anti-factor Xa activity_ug	166.295979469632	NA	ug/l	Anti-factor Xa activity	plasma	coagulation assay	riv_Anti-factor Xa activity_vs_rivaroxaban_ug	144.353518821604	NA	NA	NA	ug/l	NA
Kreutz2017	NA	all	1.0	riv	NR	hr	concentration	rivaroxaban	plasma	LC MS/MS	riv_rivaroxaban_plasma_vs_Anti-factor Xa activity_ug	153.977758768178	NA	ug/l	Anti-factor Xa activity	plasma	coagulation assay	riv_Anti-factor Xa activity_vs_rivaroxaban_ug	164.484451718494	NA	NA	NA	ug/l	NA
Kreutz2017	NA	all	1.0	riv	NR	hr	concentration	rivaroxaban	plasma	LC MS/MS	riv_rivaroxaban_plasma_vs_Anti-factor Xa activity_ug	162.959794696322	NA	ug/l	Anti-factor Xa activity	plasma	coagulation assay	riv_Anti-factor Xa activity_vs_rivaroxaban_ug	166.939443535188	NA	NA	NA	ug/l	NA
Kreutz2017	NA	all	1.0	riv	NR	hr	concentration	rivaroxaban	plasma	LC MS/MS	riv_rivaroxaban_plasma_vs_Anti-factor Xa activity_ug	167.835757057314	NA	ug/l	Anti-factor Xa activity	plasma	coagulation assay	riv_Anti-factor Xa activity_vs_rivaroxaban_ug	170.867430441899	NA	NA	NA	ug/l	NA
Kreutz2017	NA	all	1.0	riv	NR	hr	concentration	rivaroxaban	plasma	LC MS/MS	riv_rivaroxaban_plasma_vs_Anti-factor Xa activity_ug	169.632164242943	NA	ug/l	Anti-factor Xa activity	plasma	coagulation assay	riv_Anti-factor Xa activity_vs_rivaroxaban_ug	168.903436988543	NA	NA	NA	ug/l	NA
Kreutz2017	NA	all	1.0	riv	NR	hr	concentration	rivaroxaban	plasma	LC MS/MS	riv_rivaroxaban_plasma_vs_Anti-factor Xa activity_ug	167.835757057314	NA	ug/l	Anti-factor Xa activity	plasma	coagulation assay	riv_Anti-factor Xa activity_vs_rivaroxaban_ug	182.651391162029	NA	NA	NA	ug/l	NA
Kreutz2017	NA	all	1.0	riv	NR	hr	concentration	rivaroxaban	plasma	LC MS/MS	riv_rivaroxaban_plasma_vs_Anti-factor Xa activity_ug	174.251497005988	NA	ug/l	Anti-factor Xa activity	plasma	coagulation assay	riv_Anti-factor Xa activity_vs_rivaroxaban_ug	164.975450081833	NA	NA	NA	ug/l	NA
Kreutz2017	NA	all	1.0	riv	NR	hr	concentration	rivaroxaban	plasma	LC MS/MS	riv_rivaroxaban_plasma_vs_Anti-factor Xa activity_ug	166.295979469632	NA	ug/l	Anti-factor Xa activity	plasma	coagulation assay	riv_Anti-factor Xa activity_vs_rivaroxaban_ug	149.754500818331	NA	NA	NA	ug/l	NA
Kreutz2017	NA	all	1.0	riv	NR	hr	concentration	rivaroxaban	plasma	LC MS/MS	riv_rivaroxaban_plasma_vs_Anti-factor Xa activity_ug	172.455089820359	NA	ug/l	Anti-factor Xa activity	plasma	coagulation assay	riv_Anti-factor Xa activity_vs_rivaroxaban_ug	136.006546644845	NA	NA	NA	ug/l	NA
Kreutz2017	NA	all	1.0	riv	NR	hr	concentration	rivaroxaban	plasma	LC MS/MS	riv_rivaroxaban_plasma_vs_Anti-factor Xa activity_ug	171.428571428571	NA	ug/l	Anti-factor Xa activity	plasma	coagulation assay	riv_Anti-factor Xa activity_vs_rivaroxaban_ug	132.078559738134	NA	NA	NA	ug/l	NA
Kreutz2017	NA	all	1.0	riv	NR	hr	concentration	rivaroxaban	plasma	LC MS/MS	riv_rivaroxaban_plasma_vs_Anti-factor Xa activity_ug	168.092386655261	NA	ug/l	Anti-factor Xa activity	plasma	coagulation assay	riv_Anti-factor Xa activity_vs_rivaroxaban_ug	126.677577741408	NA	NA	NA	ug/l	NA
Kreutz2017	NA	all	1.0	riv	NR	hr	concentration	rivaroxaban	plasma	LC MS/MS	riv_rivaroxaban_plasma_vs_Anti-factor Xa activity_ug	175.021385799829	NA	ug/l	Anti-factor Xa activity	plasma	coagulation assay	riv_Anti-factor Xa activity_vs_rivaroxaban_ug	145.335515548281	NA	NA	NA	ug/l	NA
Kreutz2017	NA	all	1.0	riv	NR	hr	concentration	rivaroxaban	plasma	LC MS/MS	riv_rivaroxaban_plasma_vs_Anti-factor Xa activity_ug	175.79127459367	NA	ug/l	Anti-factor Xa activity	plasma	coagulation assay	riv_Anti-factor Xa activity_vs_rivaroxaban_ug	150.245499181669	NA	NA	NA	ug/l	NA
Kreutz2017	NA	all	1.0	riv	NR	hr	concentration	rivaroxaban	plasma	LC MS/MS	riv_rivaroxaban_plasma_vs_Anti-factor Xa activity_ug	173.481608212147	NA	ug/l	Anti-factor Xa activity	plasma	coagulation assay	riv_Anti-factor Xa activity_vs_rivaroxaban_ug	158.10147299509	NA	NA	NA	ug/l	NA
Kreutz2017	NA	all	1.0	riv	NR	hr	concentration	rivaroxaban	plasma	LC MS/MS	riv_rivaroxaban_plasma_vs_Anti-factor Xa activity_ug	180.667236954662	NA	ug/l	Anti-factor Xa activity	plasma	coagulation assay	riv_Anti-factor Xa activity_vs_rivaroxaban_ug	140.425531914894	NA	NA	NA	ug/l	NA
Kreutz2017	NA	all	1.0	riv	NR	hr	concentration	rivaroxaban	plasma	LC MS/MS	riv_rivaroxaban_plasma_vs_Anti-factor Xa activity_ug	182.720273738238	NA	ug/l	Anti-factor Xa activity	plasma	coagulation assay	riv_Anti-factor Xa activity_vs_rivaroxaban_ug	149.754500818331	NA	NA	NA	ug/l	NA
Kreutz2017	NA	all	1.0	riv	NR	hr	concentration	rivaroxaban	plasma	LC MS/MS	riv_rivaroxaban_plasma_vs_Anti-factor Xa activity_ug	185.02994011976	NA	ug/l	Anti-factor Xa activity	plasma	coagulation assay	riv_Anti-factor Xa activity_vs_rivaroxaban_ug	145.335515548281	NA	NA	NA	ug/l	NA
Kreutz2017	NA	all	1.0	riv	NR	hr	concentration	rivaroxaban	plasma	LC MS/MS	riv_rivaroxaban_plasma_vs_Anti-factor Xa activity_ug	189.392643284859	NA	ug/l	Anti-factor Xa activity	plasma	coagulation assay	riv_Anti-factor Xa activity_vs_rivaroxaban_ug	150.736497545008	NA	NA	NA	ug/l	NA
Kreutz2017	NA	all	1.0	riv	NR	hr	concentration	rivaroxaban	plasma	LC MS/MS	riv_rivaroxaban_plasma_vs_Anti-factor Xa activity_ug	186.313088109495	NA	ug/l	Anti-factor Xa activity	plasma	coagulation assay	riv_Anti-factor Xa activity_vs_rivaroxaban_ug	156.628477905074	NA	NA	NA	ug/l	NA
Kreutz2017	NA	all	1.0	riv	NR	hr	concentration	rivaroxaban	plasma	LC MS/MS	riv_rivaroxaban_plasma_vs_Anti-factor Xa activity_ug	185.799828913601	NA	ug/l	Anti-factor Xa activity	plasma	coagulation assay	riv_Anti-factor Xa activity_vs_rivaroxaban_ug	160.556464811784	NA	NA	NA	ug/l	NA
Kreutz2017	NA	all	1.0	riv	NR	hr	concentration	rivaroxaban	plasma	LC MS/MS	riv_rivaroxaban_plasma_vs_Anti-factor Xa activity_ug	186.056458511548	NA	ug/l	Anti-factor Xa activity	plasma	coagulation assay	riv_Anti-factor Xa activity_vs_rivaroxaban_ug	164.975450081833	NA	NA	NA	ug/l	NA
Kreutz2017	NA	all	1.0	riv	NR	hr	concentration	rivaroxaban	plasma	LC MS/MS	riv_rivaroxaban_plasma_vs_Anti-factor Xa activity_ug	183.233532934132	NA	ug/l	Anti-factor Xa activity	plasma	coagulation assay	riv_Anti-factor Xa activity_vs_rivaroxaban_ug	163.011456628478	NA	NA	NA	ug/l	NA
Kreutz2017	NA	all	1.0	riv	NR	hr	concentration	rivaroxaban	plasma	LC MS/MS	riv_rivaroxaban_plasma_vs_Anti-factor Xa activity_ug	184.26005132592	NA	ug/l	Anti-factor Xa activity	plasma	coagulation assay	riv_Anti-factor Xa activity_vs_rivaroxaban_ug	168.903436988543	NA	NA	NA	ug/l	NA
Kreutz2017	NA	all	1.0	riv	NR	hr	concentration	rivaroxaban	plasma	LC MS/MS	riv_rivaroxaban_plasma_vs_Anti-factor Xa activity_ug	192.728828058169	NA	ug/l	Anti-factor Xa activity	plasma	coagulation assay	riv_Anti-factor Xa activity_vs_rivaroxaban_ug	168.903436988543	NA	NA	NA	ug/l	NA
Kreutz2017	NA	all	1.0	riv	NR	hr	concentration	rivaroxaban	plasma	LC MS/MS	riv_rivaroxaban_plasma_vs_Anti-factor Xa activity_ug	201.710863986313	NA	ug/l	Anti-factor Xa activity	plasma	coagulation assay	riv_Anti-factor Xa activity_vs_rivaroxaban_ug	162.520458265139	NA	NA	NA	ug/l	NA
Kreutz2017	NA	all	1.0	riv	NR	hr	concentration	rivaroxaban	plasma	LC MS/MS	riv_rivaroxaban_plasma_vs_Anti-factor Xa activity_ug	207.86997433704	NA	ug/l	Anti-factor Xa activity	plasma	coagulation assay	riv_Anti-factor Xa activity_vs_rivaroxaban_ug	152.700490998363	NA	NA	NA	ug/l	NA
Kreutz2017	NA	all	1.0	riv	NR	hr	concentration	rivaroxaban	plasma	LC MS/MS	riv_rivaroxaban_plasma_vs_Anti-factor Xa activity_ug	211.206159110351	NA	ug/l	Anti-factor Xa activity	plasma	coagulation assay	riv_Anti-factor Xa activity_vs_rivaroxaban_ug	168.903436988543	NA	NA	NA	ug/l	NA
Kreutz2017	NA	all	1.0	riv	NR	hr	concentration	rivaroxaban	plasma	LC MS/MS	riv_rivaroxaban_plasma_vs_Anti-factor Xa activity_ug	206.073567151411	NA	ug/l	Anti-factor Xa activity	plasma	coagulation assay	riv_Anti-factor Xa activity_vs_rivaroxaban_ug	171.849427168576	NA	NA	NA	ug/l	NA
Kreutz2017	NA	all	1.0	riv	NR	hr	concentration	rivaroxaban	plasma	LC MS/MS	riv_rivaroxaban_plasma_vs_Anti-factor Xa activity_ug	204.020530367836	NA	ug/l	Anti-factor Xa activity	plasma	coagulation assay	riv_Anti-factor Xa activity_vs_rivaroxaban_ug	176.268412438625	NA	NA	NA	ug/l	NA
Kreutz2017	NA	all	1.0	riv	NR	hr	concentration	rivaroxaban	plasma	LC MS/MS	riv_rivaroxaban_plasma_vs_Anti-factor Xa activity_ug	200.427715996578	NA	ug/l	Anti-factor Xa activity	plasma	coagulation assay	riv_Anti-factor Xa activity_vs_rivaroxaban_ug	188.052373158756	NA	NA	NA	ug/l	NA
Kreutz2017	NA	all	1.0	riv	NR	hr	concentration	rivaroxaban	plasma	LC MS/MS	riv_rivaroxaban_plasma_vs_Anti-factor Xa activity_ug	197.604790419162	NA	ug/l	Anti-factor Xa activity	plasma	coagulation assay	riv_Anti-factor Xa activity_vs_rivaroxaban_ug	194.926350245499	NA	NA	NA	ug/l	NA
Kreutz2017	NA	all	1.0	riv	NR	hr	concentration	rivaroxaban	plasma	LC MS/MS	riv_rivaroxaban_plasma_vs_Anti-factor Xa activity_ug	197.091531223268	NA	ug/l	Anti-factor Xa activity	plasma	coagulation assay	riv_Anti-factor Xa activity_vs_rivaroxaban_ug	199.345335515548	NA	NA	NA	ug/l	NA
Kreutz2017	NA	all	1.0	riv	NR	hr	concentration	rivaroxaban	plasma	LC MS/MS	riv_rivaroxaban_plasma_vs_Anti-factor Xa activity_ug	194.011976047904	NA	ug/l	Anti-factor Xa activity	plasma	coagulation assay	riv_Anti-factor Xa activity_vs_rivaroxaban_ug	196.890343698854	NA	NA	NA	ug/l	NA
Kreutz2017	NA	all	1.0	riv	NR	hr	concentration	rivaroxaban	plasma	LC MS/MS	riv_rivaroxaban_plasma_vs_Anti-factor Xa activity_ug	193.49871685201	NA	ug/l	Anti-factor Xa activity	plasma	coagulation assay	riv_Anti-factor Xa activity_vs_rivaroxaban_ug	192.962356792144	NA	NA	NA	ug/l	NA
Kreutz2017	NA	all	1.0	riv	NR	hr	concentration	rivaroxaban	plasma	LC MS/MS	riv_rivaroxaban_plasma_vs_Anti-factor Xa activity_ug	188.879384088965	NA	ug/l	Anti-factor Xa activity	plasma	coagulation assay	riv_Anti-factor Xa activity_vs_rivaroxaban_ug	205.728314238952	NA	NA	NA	ug/l	NA
Kreutz2017	NA	all	1.0	riv	NR	hr	concentration	rivaroxaban	plasma	LC MS/MS	riv_rivaroxaban_plasma_vs_Anti-factor Xa activity_ug	203.250641573995	NA	ug/l	Anti-factor Xa activity	plasma	coagulation assay	riv_Anti-factor Xa activity_vs_rivaroxaban_ug	212.602291325696	NA	NA	NA	ug/l	NA
Kreutz2017	NA	all	1.0	riv	NR	hr	concentration	rivaroxaban	plasma	LC MS/MS	riv_rivaroxaban_plasma_vs_Anti-factor Xa activity_ug	207.356715141146	NA	ug/l	Anti-factor Xa activity	plasma	coagulation assay	riv_Anti-factor Xa activity_vs_rivaroxaban_ug	212.602291325696	NA	NA	NA	ug/l	NA
Kreutz2017	NA	all	1.0	riv	NR	hr	concentration	rivaroxaban	plasma	LC MS/MS	riv_rivaroxaban_plasma_vs_Anti-factor Xa activity_ug	213.002566295979	NA	ug/l	Anti-factor Xa activity	plasma	coagulation assay	riv_Anti-factor Xa activity_vs_rivaroxaban_ug	210.147299509002	NA	NA	NA	ug/l	NA
Kreutz2017	NA	all	1.0	riv	NR	hr	concentration	rivaroxaban	plasma	LC MS/MS	riv_rivaroxaban_plasma_vs_Anti-factor Xa activity_ug	210.179640718563	NA	ug/l	Anti-factor Xa activity	plasma	coagulation assay	riv_Anti-factor Xa activity_vs_rivaroxaban_ug	203.273322422259	NA	NA	NA	ug/l	NA
Kreutz2017	NA	all	1.0	riv	NR	hr	concentration	rivaroxaban	plasma	LC MS/MS	riv_rivaroxaban_plasma_vs_Anti-factor Xa activity_ug	210.179640718563	NA	ug/l	Anti-factor Xa activity	plasma	coagulation assay	riv_Anti-factor Xa activity_vs_rivaroxaban_ug	193.453355155483	NA	NA	NA	ug/l	NA
Kreutz2017	NA	all	1.0	riv	NR	hr	concentration	rivaroxaban	plasma	LC MS/MS	riv_rivaroxaban_plasma_vs_Anti-factor Xa activity_ug	216.852010265184	NA	ug/l	Anti-factor Xa activity	plasma	coagulation assay	riv_Anti-factor Xa activity_vs_rivaroxaban_ug	202.78232405892	NA	NA	NA	ug/l	NA
Kreutz2017	NA	all	1.0	riv	NR	hr	concentration	rivaroxaban	plasma	LC MS/MS	riv_rivaroxaban_plasma_vs_Anti-factor Xa activity_ug	219.161676646707	NA	ug/l	Anti-factor Xa activity	plasma	coagulation assay	riv_Anti-factor Xa activity_vs_rivaroxaban_ug	180.196399345336	NA	NA	NA	ug/l	NA
Kreutz2017	NA	all	1.0	riv	NR	hr	concentration	rivaroxaban	plasma	LC MS/MS	riv_rivaroxaban_plasma_vs_Anti-factor Xa activity_ug	219.931565440547	NA	ug/l	Anti-factor Xa activity	plasma	coagulation assay	riv_Anti-factor Xa activity_vs_rivaroxaban_ug	173.322422258592	NA	NA	NA	ug/l	NA
Kreutz2017	NA	all	1.0	riv	NR	hr	concentration	rivaroxaban	plasma	LC MS/MS	riv_rivaroxaban_plasma_vs_Anti-factor Xa activity_ug	225.320786997434	NA	ug/l	Anti-factor Xa activity	plasma	coagulation assay	riv_Anti-factor Xa activity_vs_rivaroxaban_ug	186.088379705401	NA	NA	NA	ug/l	NA
Kreutz2017	NA	all	1.0	riv	NR	hr	concentration	rivaroxaban	plasma	LC MS/MS	riv_rivaroxaban_plasma_vs_Anti-factor Xa activity_ug	234.816082121471	NA	ug/l	Anti-factor Xa activity	plasma	coagulation assay	riv_Anti-factor Xa activity_vs_rivaroxaban_ug	193.944353518822	NA	NA	NA	ug/l	NA
Kreutz2017	NA	all	1.0	riv	NR	hr	concentration	rivaroxaban	plasma	LC MS/MS	riv_rivaroxaban_plasma_vs_Anti-factor Xa activity_ug	228.400342172797	NA	ug/l	Anti-factor Xa activity	plasma	coagulation assay	riv_Anti-factor Xa activity_vs_rivaroxaban_ug	206.219312602291	NA	NA	NA	ug/l	NA
Kreutz2017	NA	all	1.0	riv	NR	hr	concentration	rivaroxaban	plasma	LC MS/MS	riv_rivaroxaban_plasma_vs_Anti-factor Xa activity_ug	224.294268605646	NA	ug/l	Anti-factor Xa activity	plasma	coagulation assay	riv_Anti-factor Xa activity_vs_rivaroxaban_ug	212.602291325696	NA	NA	NA	ug/l	NA
Kreutz2017	NA	all	1.0	riv	NR	hr	concentration	rivaroxaban	plasma	LC MS/MS	riv_rivaroxaban_plasma_vs_Anti-factor Xa activity_ug	223.781009409752	NA	ug/l	Anti-factor Xa activity	plasma	coagulation assay	riv_Anti-factor Xa activity_vs_rivaroxaban_ug	220.458265139116	NA	NA	NA	ug/l	NA
Kreutz2017	NA	all	1.0	riv	NR	hr	concentration	rivaroxaban	plasma	LC MS/MS	riv_rivaroxaban_plasma_vs_Anti-factor Xa activity_ug	230.966638152267	NA	ug/l	Anti-factor Xa activity	plasma	coagulation assay	riv_Anti-factor Xa activity_vs_rivaroxaban_ug	236.170212765957	NA	NA	NA	ug/l	NA
Kreutz2017	NA	all	1.0	riv	NR	hr	concentration	rivaroxaban	plasma	LC MS/MS	riv_rivaroxaban_plasma_vs_Anti-factor Xa activity_ug	237.895637296835	NA	ug/l	Anti-factor Xa activity	plasma	coagulation assay	riv_Anti-factor Xa activity_vs_rivaroxaban_ug	268.576104746317	NA	NA	NA	ug/l	NA
Kreutz2017	NA	all	1.0	riv	NR	hr	concentration	rivaroxaban	plasma	LC MS/MS	riv_rivaroxaban_plasma_vs_Anti-factor Xa activity_ug	243.284858853721	NA	ug/l	Anti-factor Xa activity	plasma	coagulation assay	riv_Anti-factor Xa activity_vs_rivaroxaban_ug	243.535188216039	NA	NA	NA	ug/l	NA
Kreutz2017	NA	all	1.0	riv	NR	hr	concentration	rivaroxaban	plasma	LC MS/MS	riv_rivaroxaban_plasma_vs_Anti-factor Xa activity_ug	244.568006843456	NA	ug/l	Anti-factor Xa activity	plasma	coagulation assay	riv_Anti-factor Xa activity_vs_rivaroxaban_ug	244.517184942717	NA	NA	NA	ug/l	NA
Kreutz2017	NA	all	1.0	riv	NR	hr	concentration	rivaroxaban	plasma	LC MS/MS	riv_rivaroxaban_plasma_vs_Anti-factor Xa activity_ug	251.497005988024	NA	ug/l	Anti-factor Xa activity	plasma	coagulation assay	riv_Anti-factor Xa activity_vs_rivaroxaban_ug	245.008183306056	NA	NA	NA	ug/l	NA
Kreutz2017	NA	all	1.0	riv	NR	hr	concentration	rivaroxaban	plasma	LC MS/MS	riv_rivaroxaban_plasma_vs_Anti-factor Xa activity_ug	256.88622754491	NA	ug/l	Anti-factor Xa activity	plasma	coagulation assay	riv_Anti-factor Xa activity_vs_rivaroxaban_ug	239.11620294599	NA	NA	NA	ug/l	NA
Kreutz2017	NA	all	1.0	riv	NR	hr	concentration	rivaroxaban	plasma	LC MS/MS	riv_rivaroxaban_plasma_vs_Anti-factor Xa activity_ug	251.240376390077	NA	ug/l	Anti-factor Xa activity	plasma	coagulation assay	riv_Anti-factor Xa activity_vs_rivaroxaban_ug	216.530278232406	NA	NA	NA	ug/l	NA
Kreutz2017	NA	all	1.0	riv	NR	hr	concentration	rivaroxaban	plasma	LC MS/MS	riv_rivaroxaban_plasma_vs_Anti-factor Xa activity_ug	247.390932420872	NA	ug/l	Anti-factor Xa activity	plasma	coagulation assay	riv_Anti-factor Xa activity_vs_rivaroxaban_ug	184.615384615385	NA	NA	NA	ug/l	NA
Kreutz2017	NA	all	1.0	riv	NR	hr	concentration	rivaroxaban	plasma	LC MS/MS	riv_rivaroxaban_plasma_vs_Anti-factor Xa activity_ug	242.51497005988	NA	ug/l	Anti-factor Xa activity	plasma	coagulation assay	riv_Anti-factor Xa activity_vs_rivaroxaban_ug	178.723404255319	NA	NA	NA	ug/l	NA
Kreutz2017	NA	all	1.0	riv	NR	hr	concentration	rivaroxaban	plasma	LC MS/MS	riv_rivaroxaban_plasma_vs_Anti-factor Xa activity_ug	239.435414884517	NA	ug/l	Anti-factor Xa activity	plasma	coagulation assay	riv_Anti-factor Xa activity_vs_rivaroxaban_ug	180.196399345336	NA	NA	NA	ug/l	NA
Kreutz2017	NA	all	1.0	riv	NR	hr	concentration	rivaroxaban	plasma	LC MS/MS	riv_rivaroxaban_plasma_vs_Anti-factor Xa activity_ug	263.558597091531	NA	ug/l	Anti-factor Xa activity	plasma	coagulation assay	riv_Anti-factor Xa activity_vs_rivaroxaban_ug	218.494271685761	NA	NA	NA	ug/l	NA
Kreutz2017	NA	all	1.0	riv	NR	hr	concentration	rivaroxaban	plasma	LC MS/MS	riv_rivaroxaban_plasma_vs_Anti-factor Xa activity_ug	262.532078699743	NA	ug/l	Anti-factor Xa activity	plasma	coagulation assay	riv_Anti-factor Xa activity_vs_rivaroxaban_ug	228.805237315876	NA	NA	NA	ug/l	NA
Kreutz2017	NA	all	1.0	riv	NR	hr	concentration	rivaroxaban	plasma	LC MS/MS	riv_rivaroxaban_plasma_vs_Anti-factor Xa activity_ug	273.053892215569	NA	ug/l	Anti-factor Xa activity	plasma	coagulation assay	riv_Anti-factor Xa activity_vs_rivaroxaban_ug	261.211129296236	NA	NA	NA	ug/l	NA
Kreutz2017	NA	all	1.0	riv	NR	hr	concentration	rivaroxaban	plasma	LC MS/MS	riv_rivaroxaban_plasma_vs_Anti-factor Xa activity_ug	276.903336184773	NA	ug/l	Anti-factor Xa activity	plasma	coagulation assay	riv_Anti-factor Xa activity_vs_rivaroxaban_ug	260.720130932897	NA	NA	NA	ug/l	NA
Kreutz2017	NA	all	1.0	riv	NR	hr	concentration	rivaroxaban	plasma	LC MS/MS	riv_rivaroxaban_plasma_vs_Anti-factor Xa activity_ug	280.752780153978	NA	ug/l	Anti-factor Xa activity	plasma	coagulation assay	riv_Anti-factor Xa activity_vs_rivaroxaban_ug	259.738134206219	NA	NA	NA	ug/l	NA
Kreutz2017	NA	all	1.0	riv	NR	hr	concentration	rivaroxaban	plasma	LC MS/MS	riv_rivaroxaban_plasma_vs_Anti-factor Xa activity_ug	303.592814371257	NA	ug/l	Anti-factor Xa activity	plasma	coagulation assay	riv_Anti-factor Xa activity_vs_rivaroxaban_ug	274.468085106383	NA	NA	NA	ug/l	NA
Kreutz2017	NA	all	1.0	riv	NR	hr	concentration	rivaroxaban	plasma	LC MS/MS	riv_rivaroxaban_plasma_vs_Anti-factor Xa activity_ug	281.522668947819	NA	ug/l	Anti-factor Xa activity	plasma	coagulation assay	riv_Anti-factor Xa activity_vs_rivaroxaban_ug	319.148936170213	NA	NA	NA	ug/l	NA
